Bach - Partite Diverse Sopra BWV 770 - Te Lindert | Netherlands Bach Society;12REZGdqxw4
Bach - Prelude in D minor BWV 926 - Adriel Gonzßlez | Netherlands Bach Society;-VDuMRZmg3Y
Bach - First Movement from Cello Suite no. 6 BWV 1012 | Netherlands Bach Society;w8eVHVblRVA
Bach - Beschrńnkt, ihr Weisen dieser Welt BWV 443 - Johannsen | Netherlands Bach Society;W3w_PM_0xSg
Bach - Minuet in G major and in G minor BWV 841-842 - Hanna Zhang | Netherlands Bach Society;oEnc_Qp5g6Q
Bach - Chorale An WasserflŘssen Babylon BWV 267 | Netherlands Bach Society;_zOGYfV8bcY
Bach - Komm, Gott Sch÷pfer, Heiliger Geist BWV 631 - Havinga | Netherlands Bach Society;BeAPr2XnaF8
Bach - Cantata Brich dem Hungrigen dein Brot BWV 39 - Sato | Netherlands Bach Society;Uie1DZbhleo
Bach - Chorale Herzlich lieb hab ich dich, o Herr BWV 340 | Netherlands Bach Society;iEY5ZY0KNaA
Bach - Sonata no. 4 in E minor BWV 528 - Van Doeselaar | Netherlands Bach Society;4TxQyLZXpzI
The Baroque oboe I Nederlandse Bachvereniging;GOcoPA3oWgM
Bach - Sinfonia from Cantata BWV 42 | Netherlands Bach Society;JWKpmq6NKJs
Petzold - Minuet in G major and G minor BWV anh. 114 -115 - Shuxian Ding | Netherlands Bach Society;T-y85lt2TQk
Bach - Cantata Christ lag in Todesbanden BWV 4 - Jacobs | Netherlands Bach Society;uQNBDsDdLeE
Bach - Liebster Gott, wenn werd ich sterben BWV 483 - Johannsen | Netherlands Bach Society;8lNiJ0_Tkxw
Bach - Chorale O hilf, Christe, Gottes Sohn BWV 1084 | Netherlands Bach Society;uq-bWCBR0T0
Bach - Cantata Himmelsk÷nig, sei willkommen BWV 182 - Soller | Netherlands Bach Society;DoHgP6G8YBU
Our new artistic leader: Johanna Soller;GwscJ_7w6lw
Bach - Allegro from 'Brandenburg' concerto no. 3 BWV 1048 - Sato | Netherlands Bach Society;GEhc0cqXsYA
Bach - Vater unser im Himmelreich BWV 636 - Havinga | Netherlands Bach Society;u1Mmj_qDV1A
Masterclass young talents - Introduction harpsichord - October 2024 | Netherlands Bach Society;gNirNhKTl0Q
Bach - Prelude in G minor BWV 930 - Guillermo Gonzßlez GarcÝa | Netherlands Bach Society;h6mxbsbnyzQ
Bach - BeglŘckter Stand getreuer Seelen BWV 442 - Johannsen | Netherlands Bach Society;NBEgD8HgB5M
Bach - Cantata Weinen, Klagen, Sorgen, Zagen BWV 12 - Jacobs | Netherlands Bach Society;GZNg3CWTt14
Van Veldhoven on Bach Cantata BWV 130 | Netherlands Bach Society;jE0hFb6-bjs
Bach - Chorale Von Gott will ich nicht lassen BWV 418 | Netherlands Bach Society;hooOouydxfE
Bach - Et expecto from Mass in B minor BWV 232 | Netherlands Bach Society;k3BXOEK0xac
Bach - Brunnquell aller GŘter BWV 445 - Johannsen | Netherlands Bach Society;vYzZEhDsP6w
Bach - Cantata Ach! ich sehe, itzt, da ich zur Hochzeit gehe BWV 162 | Netherlands Bach Society;jZFeCer1hMg
Bach - Orchestral Suite in G minor BWV 1070 - Cicic | Netherlands Bach Society;S162uebxQk0
Bach - First Movement from Cantata BWV 191 | Netherlands Bach Society;-HM4CCKO6M8
All of Bach celebrates 500.000 subscribers;Wm95J2Bx3AA
All of Bach - our gift to the world;OLzbG_QXyG8
Bach - Ich freue mich in dir BWV 465 - Johannsen | Netherlands Bach Society;acY1DBxytWU
Bach - Herrscher des Himmels from Christmas Oratorio BWV 248 - Sato | Netherlands Bach Society;Ny_0nxMzUgw
Bach - Magnificat anima mea from Magnificat BWV 243 | Netherlands Bach Society;ydcJbGaA0bA
Bach - Und es waren Hirten from Christmas Oratorio BWV 248 - Sato | Netherlands Bach Society;0SJxUZj0PDU
Bach - 'Brandenburg' Concerto no. 1 in F major BWV 1046 - Cicic | Netherlands Bach Society;zK4CiieG27k
Bach - Cantata Ach wie flŘchtig, ach wie nichtig BWV 26 - Sato | Netherlands Bach Society;U8f7g0a0u5U
Bach - Et incarnatus est from Mass in B minor BWV 232 | Netherlands Bach Society;jdWq3yd0ldQ
Bach - Wer nur den lieben Gott lńsst walten BWV 647 - Koopman | Netherlands Bach Society;QJ4fcmYz9o0
Bach - Warum betrŘbst du dich BWV 516 - Johannsen | Netherlands Bach Society;IRqbCMcC6vM
Bach - Sinfonia from Cantata BWV 156 - Mortensen | Netherlands Bach Society;0I-yf0Gjoas
Bach - Cantata O holder Tag BWV 210 - Yamagata | Netherlands Bach Society;Lg2Sv_D6-Q4
Bach - Prelude and fugue in D major BWV 532 - Van Doeselaar | Netherlands Bach Society;6n-sb_w4euQ
Bach - Chorale Nun preiset alle Gottes Barmherzigkeit BWV 391 | Netherlands Bach Society;1n5NZb-8T_o
Bach - Cantata Es erhub sich ein Streit BWV 19 - Sato | Netherlands Bach Society;CSE5NzrRmNA
Bach & Telemann: Money, power and pleasure | Netherlands Bach Society;iQbM6KjET8g
Bach - Prelude and fugue in C minor BWV 549 - Koopman | Netherlands Bach Society;4b39mx1Njtw
Bach - So du willst from Cantata BWV 131 | Netherlands Bach Society;L9KL4oFazsk
Bach - Flute sonata in E minor BWV 1034 - Root | Netherlands Bach Society;VvIRtEedd9c
Bach - Cantata Schauet doch und sehet... BWV 46 - Rademann | Netherlands Bach Society;mirUuu-FdmE
Bach - Christ, unser Herr, zum Jordan kam BWV 685 - Van Doeselaar | Netherlands Bach Society;E2TioiZMXB8
Van Doeselaar on Bach Christ, unser Herr, zum Jordan kam BWV 685 | Netherlands Bach Society;fZin2tq5iqo
Bach - Et resurrexit from Mass in B minor BWV 232 | Netherlands Bach Society;VvzzD-rlnGA
Bach - An WasserflŘssen Babylon BWV 653 - Van Doeselaar | Netherlands Bach Society;27ikjVNPZPg
Bach's Family Reunion | Netherlands Bach Society;OSQpEnaIpS4
Bach - Violin Sonata in G major BWV 1021 | Netherlands Bach Society;qekqd0elm6c
Kuijken and Swarts on the violoncello da spalla | Netherlands Bach Society;0yu1e_CBYeY
Bach - Ach, Herr, lehre uns bedenken from Cantata BWV 106 | Netherlands Bach Society;dm9nqjfCwVo
Bach - Kyrie, Christe, Kyrie BWV 672-674 - Smits | Netherlands Bach Society;58eqKtV4hno
Smits on Bach Kyrie, Christe, Kyrie BWV 672-674 | Netherlands Bach Society;nsjEHwLrmTI
Bach - VergnŘgte Ruh, beliebte Seelenlust from Cantata BWV 170 | Netherlands Bach Society;8cVo3EQVBuk
Van Doeselaar on Bach Trio Super BWV 655 | Netherlands Bach Society;Sr6ADQoN_KI
Bach - Cantata Jauchzet Gott in allen Landen BWV 51 - Van Veldhoven | Netherlands Bach Society;YfoVCKkSiew
Keohane on Bach Cantata BWV 51 | Netherlands Bach Society;wy8J_Hzg3B0
Bach - Vor deinen Thron tret ich hiermit BWV 668 - Koopman | Netherlands Bach Society;9XTCZ1iUQeQ
Bach - Oboe concerto in D minor BWV 1059R - Lˇpez Paz | Netherlands Bach Society;KDavtD6P0uI
Bach - Gib dich zufrieden und sei stille BWV 460 - Daniels | Netherlands Bach Society;AqJpyzESLnM
Bach - Cantata Liebster Gott, wenn werd ich sterben BWV 8 - Sato | Netherlands Bach Society;r6TELFuXwVE
Bach - Jesu, meine Freude BWV 1105 - Van Doeselaar | Netherlands Bach Society;16zfcdqbqck
Van Doeselaar on Jesu, meine Freude BWV 1105 | Netherlands Bach Society;nrrkFZbGBZ8
Bach - Cantata Wir mŘssen durch viel TrŘbsal... BWV 146 - Van Veldhoven | Netherlands Bach Society;uXApNoaQd0s
Van Veldhoven on Bach Cantata BWV 146 | Netherlands Bach Society;D8zW0EYuQ9o
All of Bach - Behind the scenes | Netherlands Bach Society;4IZ0uMgeVCM
Ten years All of Bach!;8HPpW4Vi7EE
Bach - Cantata Herr Jesu Christ, wahrĺ Mensch und Gott BWV 127 - Rademann | Netherlands Bach Society;M1A6dq4kK6k
Musicians on pitch | Netherlands Bach Society;a_82tmeYEyo
Bach - Preis und Dank from Easter Oratorio BWV 249 | Netherlands Bach Society;Kfgua_JpwMw
Bach - Partita no. 2 in C minor BWV 826 - Edwards | Netherlands Bach Society;BFjgA9t2bU4
Bach - Cantata Meine Seufzer, meine Trńnen BWV 13 - Sato | Netherlands Bach Society;iFAUvxllJZg
Bach - Agnus Dei from Mass in B minor BWV 232 | Netherlands Bach Society;Ug6Wj8rO-iw
Bach - Alles mit Gott und nichts ohn' ihn BWV 1127 - Rademann | Netherlands Bach Society;MP8Vd2vhGS0
Bach - Kyrie, Gott heiliger Geist BWV 671 - Van Doeselaar | Netherlands Bach Society;ixSQcCcWV68
Bach - Mein Freund ist mein from Cantata BWV 140 | Netherlands Bach Society;FacI9YSQzUM
Bach - French Suite no. 2 in C minor BWV 813 - Hanta | Netherlands Bach Society;kzYt3A_Y2SE
Bach - Cantata Sei Lob und Ehr dem h÷chsten Gut BWV 117 - Sato | Netherlands Bach Society;CK-BI6AR15s
Bach - Sonata in A minor BWV 967 - Frankenberg | Netherlands Bach Society;dGYUcpqSsTc
Bach - Adagio from 'Brandenburg' Concerto no. 1 in F major BWV 1046 | Netherlands Bach Society;yLQ-yswsAVg
Bach - Cantata Es ist dir gesagt, Mensch, was gut ist BWV 45 - Rademann | Netherlands Bach Society;OZxghOxfN_c
Bach - Pastorella in F major BWV 590 - Smits | Netherlands Bach Society;GLvt096_H6c
Bach - Ich steh an deiner Krippen hier BWV 469 - Blache | Netherlands Bach Society;wU4JkiWKHu8
Bach - Gloria Patri from Magnificat BWV 243 | Netherlands Bach Society;zWpsjLm9IIE
Bach - In dulci jubilo BWV 608 - De Man | Netherlands Bach Society;zrde4WqFNYg
Bach - Jauchzet, frohlocket! from Christmas Oratorio BWV 248 - Sato | Netherlands Bach Society;PhhRDst_l10
Bach - Chorale Wie sch÷n leuchtet der Morgenstern BWV 436 | Netherlands Bach Society;4DTe5YZMyH8
Bach's Christmas Oratorio - Bridging the earthly and the heavenly | Netherlands Bach Society;dFcr7jKZWYk
Bach - Viola da gamba sonata in G major BWV 1027 - Van der Velden | Netherlands Bach Society;TvZlLyYa4DI
Bach - Allegro from Violin concerto in E major BWV 1042 - Sato | Netherlands Bach Society;6gZAeiVuq_E
Bach - Fantasia and fugue in A minor BWV 944 - Frankenberg | Netherlands Bach Society;Mxl9kO0w9zg
Bach - Cantata Weichet nur, betrŘbte Schatten BWV 202 - Yamagata | Netherlands Bach Society;874txGMTwoQ
Bach - Allabreve in D major BWV 589 - Koopman | Netherlands Bach Society;EvvyDG9hBEQ
Bach - Ei! Wie schmeckt der Coffee sŘ▀e from Cantata BWV 211 | Netherlands Bach Society;qMRteTdHFu4
Bach - Nun komm der Heiden Heiland BWV 599 - Schouten | Netherlands Bach Society;m696eJ9qdIg
Schouten on Bach Nun komm der Heiden Heiland BWV 599 | Netherlands Bach Society;-h_6JsGwFCk
Bach - Cantate Nun danket alle Gott BWV 192 - Sato | Netherlands Bach Society;quYd7qJzsAE
Bach - Partita no. 4 in D major BWV 828 - Albach | Netherlands Bach Society;tX_m0LyB4bk
Bach - Vater unser im Himmelreich BWV 682 - Smits | Netherlands Bach Society;_ydGlrJyMCM
Smits on Bach Vater unser im Himmelreich BWV 682 | Netherlands Bach Society;WuS7ZusGfFI
Bach - Cantata Sehet, wir gehn hinauf BWV 159 - Van Veldhoven | Netherlands Bach Society;4dYe_7MZ7jY
Bach - Partita no. 6 in E minor BWV 830 - Ares | Netherlands Bach Society;v4n_us8Zdt4
Bach - Cantata Ihr werdet weinen und heulen BWV 103 - Sato | Netherlands Bach Society;vgGmZUBEhDQ
Bach - Aus tiefer Not schrei ich zu dir BWV 686 - Van Doeselaar | Netherlands Bach Society;57DhE8mn_MU
Bach - Chorale O Herzensangst, o Bangigkeit und Zagen! BWV 400 | Netherlands Bach Society;2dvDugNFuWs
Bach - Jesus Christus, unser Heiland BWV 688 - Smits | Netherlands Bach Society;RyMqwkdOftE
Bach - Cantata Tue Rechnung! Donnerwort BWV 168 - Sato | Netherlands Bach Society;sy3rkJ7iVxE
Bach - Duetto no. 3 in G major BWV 804 - Van Doeselaar | Netherlands Bach Society;oZqBc7zjkGA
Bach - So oft ich meine Tobackspfeife BWV 515 - W÷rner | Netherlands Bach Society;KnVZHEBqiVA
Bach - Prelude and fugue in E minor BWV 548 - Smits | Netherlands Bach Society;dd212O3_t_M
Bach - WTC II Prelude and fugue no. 24 in B minor BWV 893 - Schornsheim | Netherlands Bach Society;Lll4ELmHHgk
Bach - WTC II Prelude and fugue no. 23 in B major BWV 892 - Schornsheim | Netherlands Bach Society;0Eo_inT9L14
Bach - Chorale Nun ruhen alle Wńlder BWV 392 | Netherlands Bach Society;jThkro2kc1g
Bach - Kyrie, Gott Vater in Ewigkeit BWV 669 - Van Doeselaar | Netherlands Bach Society;dZhNpyFQBgI
Bach - WTC II Prelude and fugue no. 22 in B-flat minor BWV 891 | Netherlands Bach Society;QIveGkUw2FI
Bach - WTC II Prelude and fugue no. 21 in B-flat major BWV 890 | Netherlands Bach Society;irneC1jhpqg
Bach - Komm, sŘsser Tod, komm selge Ruh! BWV 478 - Daniels | Netherlands Bach Society;Yq0vmweRfh4
Bach - Trio super Herr Jesu Christ BWV 655 - Van Doeselaar | Netherlands Bach Society;5ZKb-TSSMxc
Bach - Sonata for violin and harpsichord no. 2 in A major BWV 1015 | Netherlands Bach Society;7-T9lbly3q0
Bach - WTC II Prelude and fugue no. 20 in A minor BWV 889 - Schornsheim | Netherlands Bach Society;EApfsZe1sxk
Bach - WTC II Prelude and fugue no. 19 in A major BWV 888 - Schornsheim | Netherlands Bach Society;C7K0m8OPD7I
Bach - Der lieben Sonne Licht und Pracht BWV 446 - Blache | Netherlands Bach Society;Kckcxh5cWQs
Bach - Cantata In allen meinen Taten BWV 97 - Sato | Netherlands Bach Society;V8zPoLLoRZg
Bach - SchmŘcke dich, o liebe Seele BWV 654 - Koopman | Netherlands Bach Society;qgpagrvUniY
Bach - WTC II Prelude and fugue no. 18 in G-sharp minor BWV 887 | Netherlands Bach Society;7Hbjytwp9r4
Bach - WTC II Prelude and fugue no. 17 in A-flat major BWV 886 | Netherlands Bach Society;lCcvrsgHhpk
Bach - Violin Concerto in D minor BWV 1052R - Sato | Netherlands Bach Society;XqO4au4Ai-Y
Bach - Erschienen ist der herrliche Tag BWV 629 - Jacobs | Netherlands Bach Society;AvNwB-uKOMM
Bach - St John Passion (1725 version) BWV 245 - Jacobs | Netherlands Bach Society;CpsLy3Wrwgs
Bach - Wenn wir in h÷chsten N÷ten sein BWV 641 - Seeger | Netherlands Bach Society;3gLsEt3sEIk
Bach - WTC II Prelude and fugue no. 16 in G minor BWV 885 - Schornsheim | Netherlands Bach Society;AXvI4tHiriw
Bach - WTC II Prelude and fugue no. 15 in G major BWV 884 - Schornsheim | Netherlands Bach Society;rrCNoLqvRIU
Bach - Menuet from 'Brandenburg' Concerto no. 1 in F major BWV 1046 | Netherlands Bach Society;220iqEWnVNY
Bach - Cantata Ein feste Burg ist unser Gott BWV 80 - Sato | Netherlands Bach Society;fAt2LgpDnaA
Bach - WTC II Prelude and fugue no. 14 in F-sharp minor BWV 883 | Netherlands Bach Society;tPhnMw5RheE
Bach - WTC II Prelude and fugue no. 13 in F-sharp major BWV 882 | Netherlands Bach Society;_yPvwJXwRtE
Bach - Chorale Wenn mein StŘndlein vorhanden ist BWV 430 | Netherlands Bach Society;iIWl9-Po6lo
How we sing Bach | Netherlands Bach Society;BZrAZw99Epc
Bach - Cantata Ich elender Mensch, wer wird mich erl÷sen BWV 48 - Sato | Netherlands Bach Society;CCbxPt25z9k
Bach - WTC II Prelude and fugue no. 12 in F minor BWV 881 - Schornsheim | Netherlands Bach Society;oqQk2nS6gcA
Bach - WTC II Prelude and fugue no. 11 in F major BWV 880 - Schornsheim | Netherlands Bach Society;M0dtEcWyJ08
Bach - Fugue in G minor BWV 1026 - Sato and Ares | Netherlands Bach Society;kxh0iuj5FZs
Bach - Ach Gott, vom Himmel sieh darein BWV 741 - Van Doeselaar | Netherlands Bach Society;0bvFW9ElF_E
Van Doeselaar on Ach Gott, vom Himmel sieh darein BWV 741 | Netherlands Bach Society;3d2qxLKg608
Bach - Cantata Mein Gott, wie lang, ach lange BWV 155 - Sato | Netherlands Bach Society;vm6Yq2Rp6IA
Bach - WTC II Prelude and fugue no. 10 in E minor BWV 879 - Schornsheim | Netherlands Bach Society;bjJdAdR9Owg
Schornsheim on the Well-Tempered Clavier II | Netherlands Bach Society;1qbxmF8K_rQ
Bach - WTC II Prelude and fugue no. 9 in E major BWV 878 - Schornsheim | Netherlands Bach Society;0qp9vJ_hG7I
Bach - Chorale Christum wir sollen loben schon BWV 121/1 - Blache | Netherlands Bach Society;BKygioxB4ZM
Bach - Cantata Unser Mund Sei voll Lachens BWV 110 - Van Veldhoven | Netherlands Bach Society;s6z7I9j3A74
Van Veldhoven on ripieno | Netherlands Bach Society;BXCKjn5_Kfc
Van Veldhoven on Bach Cantata BWV 110 | Netherlands Bach Society;kaVKQeEdja8
Bach - Von Gott will ich nicht lassen BWV 658 - Smits | Netherlands Bach Society;nERhqAlP6Co
Bach - WTC II Prelude and fugue no. 8 in D-sharp minor BWV 877 | Netherlands Bach Society;GMNfdK48n3o
Bach - WTC II Prelude and fugue no. 7 in E-flat major BWV 876-Schornsheim | Netherlands Bach Society;w2NkonSuEZg
Bach - Cantata O Ewigkeit, du Donnerwort BWV 60 - Sato | Netherlands Bach Society;_oOl0aw5H8c
Bach - Pice d'Orgue BWV 572 - Van Doeselaar | Netherlands Bach Society;-_Nu2cDYvUQ
Van Doeselaar on Bach Pice d'Orgue BWV 572 | Netherlands Bach Society;j4Uduh2BKyI
Bach - Chorale Herr Jesu Christ, meins Lebens Licht BWV 335 | Netherlands Bach Society;S22fLFpEYHo
Bach - WTC II Prelude and fugue no. 6 in D minor BWV 875 - Schornsheim | Netherlands Bach Society;JVbT-Cq10AA
Bach - WTC II Prelude and fugue no. 5 in D major BWV 874 - Schornsheim | Netherlands Bach Society;MtZ8yjOgp4A
Bach - Cello Suite no. 3 in C major BWV 1009 - Six young cello talents | Netherlands Bach Society;5gLfdQNHl_Y
Masterclass young talents - Introduction baroque cello - January 2022 | Netherlands Bach Society;MxAaWuz7sos
Bach - Motet O Jesu Christ, meins Lebens Licht BWV 118 | Netherlands Bach Society;AQ8UtwwyHXA
Bach - Toccata, adagio and fugue in C major BWV 564 - Smits | Netherlands Bach Society;kxtJ_av5NHo
Smits on Bach Toccata, adagio and fugue in C major BWV 564 | Netherlands Bach Society;Z_8vduqaJGg
Bach - WTC II Prelude and fugue no. 4 in C-sharp minor BWV 873 | Netherlands Bach Society;EkYsShTb4AQ
Bach - WTC II Prelude and fugue no. 3 in C-sharp major BWV 872 | Netherlands Bach Society;F-XocOOr4tw
Bach - Sonata for violin and harpsichord no. 1 in B minor BWV 1014 | Netherlands Bach Society;s5I1xxxt56s
Bach - Cantata Nun komm, der Heiden Heiland BWV 62 - Van Veldhoven | Netherlands Bach Society;7oj63klgeEg
Van Veldhoven on Bach Cantata BWV 62 | Netherlands Bach Society;gkj9yA4jLkQ
Harvey on Bach Cantata BWV 62 | Netherlands Bach Society;R3S-nvLvZRE
Bach - The Art of Fugue BWV 1080 - Sato | Netherlands Bach Society;N6sUlZa-IrU
Musicians on The Art of Fugue BWV 1080 | Netherlands Bach Society;0jYtGgVwaRw
Bach - WTC II Prelude and fugue no. 2 in C minor BWV 871 | Netherlands Bach Society;vRzFIt4nmSg
Bach - WTC II Prelude and fugue no. 1 in C major BWV 870 - Schornsheim | Netherlands Bach Society;YKyur1dMzDw
Bach - Sonata for violin and harpsichord no. 6 in G major BWV 1019c | Netherlands Bach Society;MaatTuQw2ZY
Bach - Sonata for violin and harpsichord no. 6 in G major BWV 1019b | Netherlands Bach Society;XOwHd8mUiMk
Bach - Sonata for violin and harpsichord no. 6 in G major BWV 1019a | Netherlands Bach Society;22HBh1i2jnw
Bach - Vom Himmel kam der Engel Schar BWV 607 - Jacobs | Netherlands Bach Society;ZJgJfwmMqAA
Jacobs on Bach Vom Himmel kam der Engel schar BWV 607 | Netherlands Bach Society;Jz98cRpQyUk
Bach - Partita no. 5 in G major BWV 829 - Albach | Netherlands Bach Society;w8vHMmhLE8o
Bach - Christe, aller Welt Trost BWV 670 - Van Doeselaar | Netherlands Bach Society;8j68-eS_IH0
Vox humana - the human voice in the organ | Netherlands Bach Society;te-NgU5xHh0
Bach - Willst du dein Herz mir schenken BWV 518 - De Geyter | Netherlands Bach Society;-b06eO8QQkI
Bach - Wir Christenleut BWV 710 - Jellema | Netherlands Bach Society;u6G97j7e_0E
Jellema on Bach Wir Christenleut BWV 710 | Netherlands Bach Society;lnRZQEVL9BU
Bach - Cantata Ich glaube, lieber Herr, hilf meinem Unglauben BWV 109 | Netherlands Bach Society;jgjgWDAaTbA
Bach - Cantata Nun ist das Heil und die Kraft BWV 50R - Van Veldhoven | Netherlands Bach Society;c3uZW9e3v9Y
Bach - Chorale Wie wohl ist mir BWV 517 - Blache | Netherlands Bach Society;ELf1guR0p-A
Bach - Christ lag in Todesbanden BWV 718 - Van Doeselaar | Netherlands Bach Society;nI6tFRc8oUo
Van Doeselaar on Bach Christ lag in Todesbanden BWV 718 | Netherlands Bach Society;zLvgooSpeW4
Bach - Trio Sonata in G major BWV 1039 | Netherlands Bach Society;gmBjWblFjIw
Bach - French Suite no. 4 in E-flat major BWV 815 - Hanta | Netherlands Bach Society;J2rQtGtxpOw
Bach - French Suite no. 3 in B minor BWV 814 - Hanta | Netherlands Bach Society;jN-_H4I5gDM
Bach - Sonata no. 5 in C major BWV 529 - Koopman | Netherlands Bach Society;Yfq2nSlmkN0
Bach - Partita no. 1 in B-flat major BWV 825 - Edwards | Netherlands Bach Society;R5fh_OmfO1Q
Bach - Cantata Ach Herr, mich armen SŘnder BWV 135 - Sato | Netherlands Bach Society;z2DiqpeWhtA
Bach - 'Brandenburg' Concerto no. 5 in D major BWV 1050a - Sato | Netherlands Bach Society;fcht5_N-ycE
Bach - Allein Gott in der H÷h sei Ehr BWV 664 - Smits | Netherlands Bach Society;YYshP59d-p4
Smits on Bach Allein Gott in der H÷h sei Ehr BWV 664 | Netherlands Bach Society;k9pv0OFsw9Q
Bach - Toccata in C minor BWV 911 - Schornsheim | Netherlands Bach Society;FeXkGemkMt8
Bach - Ach bleib bei uns, Herr Jesu Christ BWV 649 - Kofler | Netherlands Bach Society;psFZd4-PyoY
Bach - Chorale Meine Seele erhebet den Herrn BWV 324 | Netherlands Bach Society;m6ehSlK7ij8
Bach - 15 inventions BWV 772-786 | Netherlands Bach Society;sdaCRiSqfjM
Henstra on Bach 15 inventions BWV 772-786 | Netherlands Bach Society;MtGFM3l4aLk
Short documentary on Bach 15 Inventions BWV 772-786 | Netherlands Bach Society;jWPyCwMwFy8
The viola da gamba | Netherlands Bach Society;5_SOIMHYeu4
Bach - Violin Concerto in E major BWV 1042 - Sato | Netherlands Bach Society;QyZIU--9q88
Sato on Bach Violin Concerto in E major BWV 1042 | Netherlands Bach Society;1Jk_SUT8mEY
Bach - Duetto no. 2 in F major BWV 803 - De Man | Netherlands Bach Society;Jq2L3OmKbwI
Duets on the organ of Freiberg | Netherlands Bach Society;po4sfCucvMg
Bach - Prelude and fugue in A minor BWV 894 - Van Delft | Netherlands Bach Society;zHvVk9TJ3nI
Van Delft on Prelude and fugue in A minor BWV 894 | Netherlands Bach Society;urh1LEqwuYE
Bach - Cantata Ich geh und suche mit Verlangen BWV 49 - Sato | Netherlands Bach Society;f-zOGllVJzs
Bach - Wo soll ich fliehen hin BWV 646 - Zerer | Netherlands Bach Society;jHcS4HYYnnI
Zerer on Bach Wo soll ich fliehen hin BWV 646 | Netherlands Bach Society;SPmGUA1Jxvc
Bach - Violin sonata in E minor BWV 1023 - Sato and Van Delft | Netherlands Bach Society;4aTmDgfz-8U
Bach - Cantata Ich bin vergnŘgt BWV 84 - Bonizzoni | Netherlands Bach Society;s17XQEd2VYY
Bonizzoni on Cantata BWV 84 | Netherlands Bach Society;DsskfQ3UBi4
Bach - Dir, dir Jehova, will ich singen BWV 452 - Daniels | Netherlands Bach Society;buzbl3JmWZw
Hanta on Bach WTC I Prelude and fugue no. 19 in A major BWV 864 | Netherlands Bach Society;tt-h-s8JSd8
Bach - WTC I Prelude and fugue no. 5 in D major BWV 850 - Brachetta | Netherlands Bach Society;aZpop0EPey0
Brachetta on Prelude and fugue no. 5 in D major BWV 850 | Netherlands Bach Society;IX0h6UuzQEk
Bach - Duetto no. 1 in E minor BWV 802 - Seeger | Netherlands Bach Society;wguyk9vUvKg
Bach - Toccata in D minor BWV 913 - Henstra | Netherlands Bach Society;W26se0W8_cE
Bach - Chorale Jesu, der du meine Seele BWV 354 - PrÚgardien | Netherlands Bach Society;X9hn8Z3zym4
Bach - Allein Gott in der H÷h sei Ehr BWV 675 - Smits | Netherlands Bach Society;SJY-t_I7GVA
Smits on Allein Gott in der H÷h sei Ehr BWV 675 | Netherlands Bach Society;-4tMMzO2djE
Merry Christmas and a healthy and peaceful 2022!;fDlKIapCZTc
Bach - Cantata Meine Seel erhebt den Herren BWV 10 - Creed | Netherlands Bach Society;MrSAMOojQ08
Bach - Mass in G minor BWV 235 - Van Veldhoven | Netherlands Bach Society;upVlACKAU3c
Kooij on Bach Mass in G minor BWV 235 | Netherlands Bach Society;hDeAO1OF_js
Van Veldhoven on Bach Mass in G minor BWV 235 | Netherlands Bach Society;2f3MFh7oLiY
Bach - Sonata for violin and harpsichord no. 5 in F minor BWV 1018 | Netherlands Bach Society;tZvMaawWXzM
Bach - Cantata Ich hatte viel BekŘmmernis BWV 21 - Sato | Netherlands Bach Society;JGT0iPpU9is
Musikalisches Opfer trailer;xb_sBO-peKQ
Bach - Trio Sonata from The Musical Offering BWV 1079 | Netherlands Bach Society;3QWxjD2qBAc
Bach - Canon a 2 per tonos from The Musical Offering BWV 1079 | Netherlands Bach Society;eXXO2dN3P_w
Bach - Suite in G minor BWV 822 - Bernolet | Netherlands Bach Society;NlQZBXQkmZU
Bernolet on Bach Suite in G minor BWV 822 | Netherlands Bach Society;DsdGG4jesMI
The Silbermann organ in Freiberg | Netherlands Bach Society;Y4VYUUlCtcQ
Bach - Prelude and fugue in E-flat major BWV 552 - Van Doeselaar | Netherlands Bach Society;jr_jK-fzglM
Bach - Suite in A major BWV 832 - Fortin | Netherlands Bach Society;DYnYR2myv08
Fortin on Suite in A major BWV 832 | Netherlands Bach Society;WVpzx1auPq0
Bach - Canon a 2 per Augmentationem, contrario Motu from The Musical Offering BWV 1079;snlW3Is83XE
Bach - Canon a 2 per Motum contrarium from The Musical Offering BWV 1079 | Netherlands Bach Society;BP8GUJc74XI
Bach - Prelude in B minor BWV 923 - Ogg | Netherlands Bach Society;-Y7yz9J47z4
Ogg on Bach Prelude in B minor BWV 923 | Netherlands Bach Society;8EPn-fHf8ic
Bach - 'Brandenburg' Concerto no. 2 in F major BWV 1047 - Sato | Netherlands Bach Society;t8rYzpC-d44
Musicians on the 'Brandenburg' concertos | Netherlands Bach Society;vC7L9P8B8JY
Bach - Partita no. 3 in A minor BWV 827 - Van Delft | Netherlands Bach Society;8tcxxLrvbe0
Van Delft on the clavichord and BWV 827 | Netherlands Bach Society;yig64C383yo
Bach - Canon perpetuus from The Musical Offering BWV 1079 | Netherlands Bach Society;BAppxihEVBg
Bach - Canon a 2 Quaerendo invenietis from The Musical Offering BWV 1079 | Netherlands Bach Society;J3OZiaIR1Ok
Bach - Cantata Herr Gott, dich loben alle wir BWV 130 - Van Veldhoven | Netherlands Bach Society;rAz99Jg9xQk
Bach - Concerto in C minor BWV 981 - Pashchenko | Netherlands Bach Society;ZEO-pMZ5jCg
Pashchenko on Bach Concerto in C minor BWV 981 | Netherlands Bach Society;9_pNroNEPNc
Bach - Aus tiefer Not schrei ich zu dir BWV 687 - Smits | Netherlands Bach Society;_cZyd3eLXF0
Smits on Bach Aus tiefer Not schrei ich zu dir BWV 687 | Netherlands Bach Society;CfqtoSDdlLg
Bach - Ricercar a 6 from The Musical Offering BWV 1079 | Netherlands Bach Society;fjxKy3pP41w
Bach - Cantata Am Abend aber desselbigen Sabbats BWV 42 - Van Veldhoven | Netherlands Bach Society;LgH-ICiUCH0
Bach - Canon a 2 Cancrizans from The Musical Offering BWV 1079 | Netherlands Bach Society;29YwFjE2b1A
Van Veldhoven on Cantata BWV 42 | Netherlands Bach Society;4imyO6rGmVU
Biffi - Amante moribondo | Netherlands Bach Society;xpT-hhDUxlk
Bach - Violin sonata in F major BWV 1022 - Sato and Ares | Netherlands Bach Society;ok65_rPNMPg
Bach - Wie sch÷n leuchtet der Morgenstern BWV 739 - Jellema | Netherlands Bach Society;63wBZ1xlRC0
Jellema on Wie sch÷n leuchtet der Morgenstern BWV 739 | Netherlands Bach Society;xnYnvokoo8M
Bach - Erbarm dich mein, o Herre Gott BWV 721 - Van Doeselaar | Netherlands Bach Society;GwzQLq1jsU0
Van Doeselaar on Erbarm dich mein, o Herre Gott BWV 721 | Netherlands Bach Society;1oRgu3nmuPc
Bach - Jesus bleibet meine Freude from Cantata BWV 147 | Netherlands Bach Society;GWtoeYznx8E
Bach - Quodlibet BWV 524 - Sato | Netherlands Bach Society;JqqAij9p0YU
Bach - Wer nur den lieben Gott lńsst walten BWV 691 - Schouten | Netherlands Bach Society;jZkEJSZpDDQ
Bach - Concerto in A minor BWV 593 - Smits | Netherlands Bach Society;Z-xvW920gqk
Smits on Bach Concerto in A minor BWV 593 | Netherlands Bach Society;ofyBz_vqmzY
Bach - Schlummert ein, ihr Matten Augen from Cantata BWV 82 | Netherlands Bach Society;OkV7jLiwtSw
Bach - Amore traditore BWV 203 - Van de Woerd and Henstra | Netherlands Bach Society;wWTbcp2ApCY
Bach - Wir glauben all an einen Gott BWV 740 - Jellema | Netherlands Bach Society;vMpszNqoFDM
Bach - Chromatic Fantasia and fugue in D minor BWV 903 - Van Delft | Netherlands Bach Society;38hgCCoGxgE
Van Delft on Bach Fantasia and fugue in D minor BWV 903 | Netherlands Bach Society;yrE0Tb2SVLI
Van Delft on the clavichord | Netherlands Bach Society;NrKyzvMEKxE
Bach - Largo ma non tanto from Concerto for two violins BWV 1043 | Netherlands Bach Society;HOhQkgGObPM
Bach - Concerto in D minor Marcello BWV 974 - Ayrton | Netherlands Bach Society;W6PzceNJom8
Ayrton on Bach Concerto in D minor Marcello BWV 974 | Netherlands Bach Society;OndWnKJ8wC4
Hanta on Bach Fugue in C major BWV 952 | Netherlands Bach Society;Fs2y3y0X-ww
Hanta on Gustav Leonhardt | Netherlands Bach Society;W4DMcU-1iSE
Bach - Allein Gott in der H÷h sei Ehr BWV 676 - Van Doeselaar | Netherlands Bach Society;DjRvZ3PsP-4
Van Doeselaar on Bach Allein Gott in der H÷h sei Ehr BWV 676 | Netherlands Bach Society;6m_IgZGFaRk
Bach - In deine Hńnde from Cantata BWV 106 | Netherlands Bach Society;im-6oM3pJ8M
Bach - English Suite no. 4 in F major BWV 809 - Henstra | Netherlands Bach Society;RAhizAl4jME
Henstra on Gustav Leonhardt | Netherlands Bach Society;P8yf7K72Wvk
Bach - Christ, unser Herr, zum Jordan kam BWV 684 - Smits | Netherlands Bach Society;zqaWVU9A7AI
Smits on Bach Christ, unser Herr, zum Jordan kam BWV 684 | Netherlands Bach Society;JKUMv7s_9IM
Bach - Cantata Schleicht, spielende Wellen... BWV 206 - Van Veldhoven | Netherlands Bach Society;fk3zx7LpzZc
Van Veldhoven on Bach Cantata BWV 206 | Netherlands Bach Society;gbBm8-Y9VkY
Bach - Sinfonia (presto) from Cantata BWV 35 | Netherlands Bach Society;24sDrkeDil8
Bach - Fuga canonica in Epidiapente from The Musical Offering BWV 1079 | Netherlands Bach Society;f8zvMHQoEDE
Bach - Canon a 4 Quaerendo invenietis from The Musical Offering BWV 1079 | Netherlands Bach Society;GRqoP-NdkDg
Bach - Pedal-Exercitium BWV 598 - Havinga | Netherlands Bach Society;ZFVM88b6rQ4
Havinga on Bach Pedal-Exercitium BWV 598 | Netherlands Bach Society;XQXUN1VTnt0
Bach - Herr, was du willt from Cantata BWV 156 | Netherlands Bach Society;xrMHgQmJJ70
Bach - Prelude and fugue in C minor BWV 546 - Koopman | Netherlands Bach Society;x9mjQYlUUfM
Ton Koopman on the Hildebrandt organ in Naumburg | Netherlands Bach Society;0ABXN0zwb9U
Bach - Herr Jesu Christ, dich zu uns wend BWV 709 - Van Doeselaar | Netherlands Bach Society;7Hca2FLoKgw
Van Doeselaar on Bach Herr Jesu Christ, dich zu uns wend BWV 709 | Netherlands Bach Society;E39brjSJ7uQ
Bach - Cantata O ewiges Feuer... BWV 34 - Van Veldhoven | Netherlands Bach Society;-QA-Tc8Vw80
Van Veldhoven on Bach Cantata BWV 34 | Netherlands Bach Society;yh9YlZoXklw
Clavier and Bach | Netherlands Bach Society;Y25G0W2NiQQ
Live Q&A 'Musikalisches Opfer';b96MgOCZxis
Bach - Canon perpetuus super Thema Regium from The Musical Offering BWV 1079;rUvx_kH2qw0
Bach - Canon a 2 violini in unisono from The Musical Offering BWV 1079 | Netherlands Bach Society;sF038nJffiE
Bach - Fantasia and fugue in C minor BWV 906 - Suzuki | Netherlands Bach Society;ZOZowX8loig
Suzuki on Fantasia and fugue in C minor BWV 906 | Netherlands Bach Society;RKbrXAal56U
Bach - Sinfonia from Cantata Ich hatte viel BekŘmmernis BWV 21 - Sato | Netherlands Bach Society;UNP9yVn2iP0
Bach - Sonata no. 6 in G major BWV 530 - Smits | Netherlands Bach Society;slfSTazbYhE
Bach - Five little preludes BWV 939-943 - Alard | Netherlands Bach Society;diCzGnrTvRY
Alard on Five little preludes BWV 939-943 | Netherlands Bach Society;wCk5kzrg3DA
Bach - Cantata Lobe den Herrn, meine Seele BWV 69 - Dijkstra | Netherlands Bach Society;LSyMRrJ55r8
Dijkstra on Bach Cantata BWV 69 | Netherlands Bach Society;RosqlDEo7MQ
Bach - Ich harre des Herrn from Cantata BWV 131 | Netherlands Bach Society;DLQXHeA5gaM
Bach - Ricercar a 3 from The Musical Offering BWV 1079 | Netherlands Bach Society;Lv5A1gy2oys
Bach - Cantata Halt im Gedńchtnis Jesum Christ BWV 67 - Van Veldhoven | Netherlands Bach Society;-61ml-Qz8aU
Van Veldhoven on Bach Cantata BWV 67 | Netherlands Bach Society;q9s1uBxruPo
Vanryne on Bach Cantata BWV 67 | Netherlands Bach Society;oArJAx5M6Zg
Root on Bach Cantata BWV 67 | Netherlands Bach Society;9UD_LkNbYXQ
Bach - Fantasia super: Christ lag in Todesbanden BWV 695 - Schouten | Netherlands Bach Society;KGjZlc8VSxg
Schouten on Bach Fantasia super: Christ lag in Todesbanden BWV 695 | Netherlands Bach Society;k2Y2XaJaiBM
Bach - Sanfte soll mein Todeskummer from Easter Oratorio BWV 249 | Netherlands Bach Society;Up_iFyjfm78
Bach - Chorale O Traurigkeit, o Herzeleid BWV 404 - PrÚgardien | Netherlands Bach Society;mpoxw1zn0aQ
Bach - Jesus Christus, unser Heiland BWV 665 - Van Doeselaar | Netherlands Bach Society;c6b5WwkKPjM
Van Doeselaar on Bach Jesus Christus, unser Heiland BWV 665 | Netherlands Bach Society;B6muR-W-Q5Y
Bach - Wachet auf, ruft uns die Stimme BWV 645 - Zerer | Netherlands Bach Society;IiUyz4HG-Kc
Bach - Trio in D minor BWV 583 - Schouten | Netherlands Bach Society;wcjnhkFp5zg
Bach - Liebster Jesu, wir sind hier BWV 731 - Wiersinga | Netherlands Bach Society;ZMahNaK12zI
Bach - O Mensch, bewein dein SŘnde gross BWV 622 - Wiersinga | Netherlands Bach Society;5oha0oITfYk
Wiersinga on Bach O Mensch, bewein dein SŘnde gross BWV 622 | Netherlands Bach Society;uVkRG71vSkM
The Netherlands Bach Society in 2020, an overview;_HZSCkesdrk
Bach - Zion h÷rt die Wńchter singen from Cantata BWV 140 | Netherlands Bach Society;9Do6NLjGqq0
Bach - Herzlich tut mich verlangen BWV 727 - Havinga | Netherlands Bach Society;jAmq7X-JMgg
Bach - Herr Gott, nun schleuss den Himmel auf BWV 617 - Van Doeselaar | Netherlands Bach Society;lifp_hBsTGI
Bach - Fantasia Super: Komm, Heiliger Geist BWV 651 - Van Doeselaar | Netherlands Bach Society;6bpTIw19PcI
Bach - Ein feste Burg ist unser Gott BWV 720 - Jellema | Netherlands Bach Society;ZvVg8NGeYsg
Bach - Herr Gott, nun schleuss den Himmel auf BWV 1092 - Jacobs | Netherlands Bach Society;COMOkNMiz0U
Bach - Violin Concerto in A minor BWV 1041 - Sato | Netherlands Bach Society;VSwLeKWKtis
Bach - Wir glauben all an einen Gott BWV 681 - Van Doeselaar | Netherlands Bach Society;KEXtHDTNfus
Van Doeselaar on Bach Wir glauben all an einen Gott BWV 681 | Netherlands Bach Society;4GRswqbwsZ0
Bach - Concerto in C major BWV 595 - Te Lindert | Netherlands Bach Society;6RJrMFBalMs
Bach - Allein Gott in der H÷h sei Ehr BWV 715 - Jacobs | Netherlands Bach Society;18fDB27FBOM
Bach - Allein Gott in der H÷h sei Ehr BWV 663 - Smits | Netherlands Bach Society;ZrZyXhzphIQ
Bach - Herr Jesu Christ, dich zu uns wend BWV 726 - Van Doeselaar | Netherlands Bach Society;OeSOG1z-GZ0
Van Doeselaar on Bach Herr Jesu Christ, dich zu uns wend BWV 726 | Netherlands Bach Society;2K_7NhLyQVE
Bach - French Suite no. 1 in D minor BWV 812 - Corti | Netherlands Bach Society;SheVq-ZGu_I
Corti on Bach French Suite no. 1 in D minor BWV 812 | Netherlands Bach Society;oEgd_SCahRw
Bach - Sinfonia from Cantata BWV 29 | Netherlands Bach Society;sqdXwd7FEyI
Bach - Lass, FŘrstin, lass noch einen Strahl, 'Trauerode' BWV 198 - Luks | Netherlands Bach Society;DTPRzSV-zZg
Bach - Fugue in C major BWV 953 - Hanta | Netherlands Bach Society;Qf7DcUspLT4
Hanta on Bach Fugue in C major BWV 953 | Netherlands Bach Society;qtjnc-5EUsw
Bach - Fuga sopra il Magnificat BWV 733 - Havinga | Netherlands Bach Society;sJEZfwlckp8
Havinga on Fuga sopra il Magnificat BWV 733 | Netherlands Bach Society;slP8NSVSEn8
Bach - Prelude in C major from WTC I BWV 846 | Netherlands Bach Society;IZ2pNhh6D1w
Bach - English Suite no. 1 in A major BWV 806 - Zylberajch | Netherlands Bach Society;GihzDys7Qpg
Bach - Durch Adams Fall ist ganz verderbt BWV 637 - Van Doeselaar | Netherlands Bach Society;Z8Dpe0gjesg
Van Doeselaar on Bach Durch Adams Fall ist ganz verderbt BWV 637 | Netherlands Bach Society;BmKdAkdtVYw
Van Doeselaar on Fuga super: Jesus Christus unser Heiland BWV 689 | Netherlands Bach Society;OD8uvShCNdU
Belder on Bach WTC I Prelude and fugue no. 7 in E-flat major BWV 852 | Netherlands Bach Society;gPK-FDJprRY
Dirksen on Bach WTC I Prelude and fugue no. 12 in F minor BWV 857 | Netherlands Bach Society;JYwbLnMZqZk
Bach - Cantata Liebster Jesu, mein Verlangen BWV 32 - Van Veldhoven | Netherlands Bach Society;rsW74UWjKZQ
Mauch and MacLeod on Bach Cantata BWV 32 | Netherlands Bach Society;o5sRp4lG-do
Bach - Chaconne from Violin partita no. 2 in D minor BWV 1004 | Netherlands Bach Society;7y4lcQ7BTLw
Bach - Flute sonata in A major BWV 1032 - Root and Van Delft | Netherlands Bach Society;4QVhdV_AtkI
Bach - Cantata Ich habe genung BWV 82 - Mortensen | Netherlands Bach Society;Q_5DG9BD-SU
Bauer on Bach Cantata BWV 82 | Netherlands Bach Society;xVjel7NQmOc
Stadler on Bach Cantata BWV 82 | Netherlands Bach Society;WQzhhWMQUiM
Mortensen on Bach Cantata BWV 82 | Netherlands Bach Society;X73zKktviuc
Bach - Fugue in B minor BWV 579 - Van Doeselaar | Netherlands Bach Society;VwywbloSgTs
Van Doeselaar on Bach Fugue in B minor BWV 579 | Netherlands Bach Society;Sf6J6vwbb60
Bach - Oboe Concerto in F major BWV 1053r - Black | Netherlands Bach Society;TPw5TvDPRoc
Bach - Wer nur den lieben Gott lńsst walten BWV 642 - Schouten | Netherlands Bach Society;8gpb4zsXjZA
Schouten on Bach Wer nur den lieben Gott lńsst walten BWV 642 | Netherlands Bach Society;Hp58qy_Wjc0
Bach - Vater unser im Himmelreich BWV 737 - Jacobs | Netherlands Bach Society;wulBtTjbsvo
Jacobs on Vater unser im Himmelreich BWV 737 | Netherlands Bach Society;F9PKj4eiWEs
Bach - Aria from Goldberg Variations BWV 988 | Netherlands Bach Society;chQ7cbSUU-s
Bach - So oft ich meine Tobackspfeife BWV 515 - Daniels | Netherlands Bach Society;-TptHQCmBM4
Bach - Allein Gott in der H÷h sei Ehr BWV 662 - Smits | Netherlands Bach Society;i5GzhahQ8fY
Smits on Bach Allein Gott in der H÷h sei Ehr BWV 662 | Netherlands Bach Society;tj14xNy4XWc
Bach - Concerto in A minor BWV 1065 | Netherlands Bach Society;emkJ0A7IfkY
Henstra, Van Delft, Belder and Steenbrink on Concerto in A minor BWV 1065 | Netherlands Bach Society;IT3sDx94wM0
Bach - Toccata from Toccata and fugue in D minor BWV 565 | Netherlands Bach Society;DbeG-QhnPSg
Bach - Cantata Herz und Mund und Tat und Leben BWV 147 - Creed | Netherlands Bach Society;h97JE4--p84
Schr÷der and Black on Cantata BWV 147 | Netherlands Bach Society;lJkFkqGBHeE
Bach - Kommst du nun, Jesu, vom Himmel herunter BWV 650 - Jacobs | Netherlands Bach Society;tNIwNhTh8fc
Jacobs on Bach Kommst du nun, Jesu, vom Himmel herunter BWV 650 | Netherlands Bach Society;Sz4PMoYa1l0
The Netherlands Bach Society wishes everyone a merry Christmas!;m_SAhsL32l0
Bach - Fantasia in G minor BWV 917 - Cuiller | Netherlands Bach Society;klFskJzfVyE
Cuiller on Fantasia in G minor BWV 917 | Netherlands Bach Society;PxNiq_fGHv0
Bach - Cum Sancto Spiritu from Mass in B minor BWV 232 | Netherlands Bach Society;4gZe5ZZsE9U
Bach - Chorale Christus, der ist mein Leben BWV 282 | Netherlands Bach Society;5hFwikTsYs0
Bach - Flute sonata in B minor BWV 1030 - Root and Van Delft | Netherlands Bach Society;zztgjDfi_gI
Root on the traverso BWV 1030 | Netherlands Bach Society;rWW3rqH0wrk
Bach - Cantata Nun komm, der Heiden Heiland BWV 61 - Van Veldhoven | Netherlands Bach Society;MzWJsRjanC4
Van Veldhoven on Bach Cantata BWV 61 | Netherlands Bach Society;ZJXtanl72x0
Harvey on Bach Cantata BWV 61 | Netherlands Bach Society;FUp9brmDguc
Bach - Fantasia and fugue in A minor BWV 904 - Corti | Netherlands Bach Society;B_DvPXG3uZ8
Corti on Fantasia and fugue in A minor BWV 904 | Netherlands Bach Society;FWr1gX59IxQ
Bach - Meine Seele erhebt den Herren BWV 648 - Smits | Netherlands Bach Society;uWqcyM-71fM
Bach - Vivace from Concerto for two violins BWV 1043 | Netherlands Bach Society;q091agFLRd0
Bach - Cantata Barmherziges Herze der ewigen Liebe BWV 185 - Bernardini | Netherlands Bach Society;gvK3bcnoCrk
Bernardini on Bach Cantata BWV 185 | Netherlands Bach Society;y8NF7m0oHCU
W÷rner on Bach Cantata BWV 185 | Netherlands Bach Society;fNQb4ug0fts
Bach - WTC I Prelude and fugue no. 23 in B major BWV 868 - Ares | Netherlands Bach Society;2I3hdaTQvcA
Ares on Bach WTC I Prelude and fugue no. 23 in B major BWV 868 | Netherlands Bach Society;8hcqa0eqV1A
Bach - Ach, Gott und Herr BWV 714 - Jacobs | Netherlands Bach Society;sG5Qzm1p0hE
Jacobs on Bach Ach, Gott und Herr BWV 714 | Netherlands Bach Society;ctBiJLs22XE
Bach - Nun komm, der Heiden Heiland BWV 661 - Van Doeselaar | Netherlands Bach Society;vcMXokMoeLQ
Van Doeselaar on Bach Nun komm, der Heiden Heiland BWV 661 | Netherlands Bach Society;f8RJM-eovA0
Bach - Prelude from Cello Suite no. 1 BWV 1007 | Netherlands Bach Society;eNrFy2rhoZA
All of Bach celebrates 200K subscribers;LLvejzEdN_c
Bach - Preludium et partita del tuono terzo BWV 833 - Van Delft | Netherlands Bach Society;0YZ_M0LZiQw
Mauritshuis and Netherlands Bach Society trailer Japan;TvOdbAlKqHc
Mauritshuis and Netherlands Bach Society trailer;Jp7jwiVLqwA
Bach - Prelude and fugue in G major BWV 541 - Winsemius | Netherlands Bach Society;CUvasybre88
Winsemius on Bach Prelude and fugue in G major BWV 541 | Netherlands Bach Society;U8TdvbLV_bM
Bach - Cantata Selig ist der Mann BWV 57 - Bonizzoni | Netherlands Bach Society;BTUII8x_1AA
Bonizzoni on Bach Cantata BWV 57 | Netherlands Bach Society;jQgJFlMkwxI
Bach - Dies sind die heil'gen zehn Gebot BWV 678 - Smits | Netherlands Bach Society;bX911AC7QrQ
Smits on Bach Dies sind die heil'gen zehn Gebot BWV 678 | Netherlands Bach Society;S_lxrShqegQ
Bach - Motet Lobet den Herrn BWV 230 - PrÚgardien | Netherlands Bach Society;UXvZuIEHr94
Bach - First movement from Concerto in A minor BWV 1065 | Netherlands Bach Society;LVsTgzCzMgA
Bach - Wo soll ich fliehen hin BWV 694 - Van Doeselaar | Netherlands Bach Society;NZAyCfhiy3g
Van Doeselaar on Bach Wo soll ich fliehen hin BWV 694 | Netherlands Bach Society;J3fXffNnwFk
Bach - WTC I Prelude and fugue no. 19 in A major BWV 864 - Hanta | Netherlands Bach Society;JnFPOm0kwdI
Bach - Cantata Du Hirte Israel, h÷re BWV 104 - Van Veldhoven | Netherlands Bach Society;eZaL8XakQLo
Van Veldhoven and Brook on Bach Cantata BWV 104 | Netherlands Bach Society;2LxCBdYc88s
Basso continuo | Netherlands Bach Society;aCSFa36uhiY
Bach - 'Brandenburg' Concerto no. 3 in G major BWV 1048 - Sato | Netherlands Bach Society;qr0f6t2UbOo
Sato on 'Brandenburg' Concerto no. 3 in G major BWV 1048 | Netherlands Bach Society;v5INRyT3XYg
Bach - Herr Jesu Christ BWV 1114 - Jacobs | Netherlands Bach Society;QBQxwNnE4ew
Jacobs on Herr Jesu Christ BWV 1114 | Netherlands Bach Society;BgBQmo_ZFbU
Bach - Concerto in D major BWV 972 - Egarr | Netherlands Bach Society;CACAlhcmKPM
Egarr on Bach Concerto in D major BWV 972 | Netherlands Bach Society;DWYCEqH3RfE
Bach - Badinerie from Orchestral Suite in B minor BWV 1067 | Netherlands Bach Society;BsiqjGgwuU8
Bach - Prelude and fugue in G minor BWV 535 - Van Doeselaar | Netherlands Bach Society;-XmRy-iS4xQ
Doeselaar on Bach Prelude and fugue in G minor BWV 535 | Netherlands Bach Society;7WvexcXg5cs
Bach - Prelude and fugue in A minor BWV 895 - Verhelst | Netherlands Bach Society;l-L3YmzOJnQ
Verhelst on Prelude and fugue in A minor BWV 895 | Netherlands Bach Society;Q-J2sJh4YYc
Bach - Cantata Nach dir, Herr, verlanget mich BWV 150 - Sato | Netherlands Bach Society;lC8UErdK_XE
Bach - Passacaglia in C minor BWV 582 - Smits | Netherlands Bach Society;zzBXZ__LN_M
Smits on Bach Passacaglia in C minor BWV 582 | Netherlands Bach Society;ekjHssVeaoo
Bach - WTC I Prelude and fugue no. 8 in E-flat minor BWV 853 - Jacobs | Netherlands Bach Society;su9NVEb6qEY
Jacobs on Bach WTC I Prelude and fugue no. 8 in E-flat minor BWV 853 | Netherlands Bach Society;ucc0mzJ4TC4
Bach - Fecit Potentiam from Magnificat BWV 243 | Netherlands Bach Society;QK74OzuXqyQ
Bach - Concerto for two harpsichords in C major BWV 1061 - Corti/Henstra | Netherlands Bach Society;wRtOLw8rERo
Henstra and Corti on Bach Concerto for two harpsichords BWV 1061 | Netherlands Bach Society;iQkz8D5MW-o
Bach - Allein Gott in der H÷h sei Ehr BWV 677 - Smits | Netherlands Bach Society;yCXz3-mSXVI
Bach - Motet Der Geist hilft unsrer Schwachheit auf BWV 226 - MacLeod | Netherlands Bach Society;UPDEzRETFMM
Myrus on Bach Motet BWV 226 | Netherlands Bach Society;UCD31r4em-E
Bach - Cantata Ich armer Mensch, ich SŘndenknecht BWV 55 - Van Veldhoven | Netherlands Bach Society;YvDcBsn78sw
Hobbs on Bach Cantata BWV 55 | Netherlands Bach Society;5EDZCWFqV1Q
Bach - Nun danket alle Gott BWV 657 - Kofler | Netherlands Bach Society;4-0VqzEtsvo
Bach - WTC I Prelude and fugue no. 15 in G major BWV 860 - Haugsand | Netherlands Bach Society;H3Pmr8wa4vw
Haugsand on Bach WTC I Prelude and fugue no. 15 in G major BWV 860 | Netherlands Bach Society;v1VzsggG4As
Bach - Cantata Nimm, was dein ist, und gehe hin BWV 144 - Van Veldhoven | Netherlands Bach Society;-Z75EXCOt-U
Van Veldhoven on Bach Cantata BWV 144 | Netherlands Bach Society;zwsT-W3P8O4
Bach - Fugue in A minor BWV 947 - Zylberajch | Netherlands Bach Society;2xBobEtZjwE
Bach - Liebster Jesu, wir sind hier BWV 730 - Wiersinga | Netherlands Bach Society;22UOdFv1QnY
Wiersinga on Liebster Jesu, wir sind hier BWV 730 | Netherlands Bach Society;CBuJuLa8aks
Bach - Sonata no. 3 in D minor BWV 527 - Havinga | Netherlands Bach Society;J6jl0_QVX5c
Havinga on Bach Sonata no. 3 in D minor BWV 527 | Netherlands Bach Society;bSdzFW-9OWg
Bach - Cantata Erfreute Zeit im neuen Bunde BWV 83 - Sato | Netherlands Bach Society;Rkj2IWR8C3A
Sato on Bach Cantata BWV 83 | Netherlands Bach Society;__6jQoLzZ5s
Bach - O Ewigkeit, du Donnerwort BWV 513 - Daniels | Netherlands Bach Society;L1YKwMxvVXc
Impression Corona concert | Netherlands Bach Society;TRs5wi8YhNk
Bach - Motet FŘrchte dich nicht, ich bin bei dir BWV 228 - MacLeod | Netherlands Bach Society;1629dqvlP8s
MacLeod and Van Veldhoven on Bach Motet BWV 228 | Netherlands Bach Society;7WTbc5sGF28
Bach - Wir Christenleut BWV 612 - Jellema | Netherlands Bach Society;iRdKmZXn5tY
Jellema on Bach Wir Christenleut BWV 612 | Netherlands Bach Society;TVJoXgosJl4
Bach - Prelude and fughetta in E minor BWV 900 - Brachetta | Netherlands Bach Society;RSE8FElFhXc
Brachetta on Prelude and fughetta in E minor BWV 900 | Netherlands Bach Society;FB3YnGqXds8
Te Lindert on Bach Concerto in C major BWV 595 | Netherlands Bach Society;FKtQ28-iTVQ
Bach - Toccata and fugue in D minor BWV 538 - Van Doeselaar | Netherlands Bach Society;gQMUTuNfBww
Van Doeselaar on Bach Fugue in D minor BWV 538 | Netherlands Bach Society;UIXWeMN_aA8
Van Doeselaar on Bach Toccata in D minor BWV 538 | Netherlands Bach Society;M3v_1Qk1lKo
Bach - Cantata Widerstehe doch der SŘnde BWV 54 - Mortensen | Netherlands Bach Society;tBwjv-QJhIk
Engeltjes on Bach Cantata BWV 54 | Netherlands Bach Society;WGjJDFP-AyM
Mortensen on Bach Cantata BWV 54 | Netherlands Bach Society;OQNxeXKRiJg
Bach - Concerto for Oboe and Violin in C Minor BWV 1060R - Black and Sato | Netherlands Bach Society;ZIaiB9X2LGs
Jacobs on Nun schleuss den Himmel auf BWV 1092 | Netherlands Bach Society;D64A4_-d42A
Bach - Cantata Herr, deine Augen... BWV 102 - Van Veldhoven | Netherlands Bach Society;I9jNCcB-vfw
Root and Sato on Bach Cantata BWV 102 | Netherlands Bach Society;dsm_g0YJ15M
Van Veldhoven on Bach Cantata BWV 102 | Netherlands Bach Society;AAXLuVDY_3s
Bach - WTC I Prelude and fugue no. 11 in F major BWV 856 - DŘtschler | Netherlands Bach Society;DF8bGzcrWkY
DŘtschler on Bach WTC I Prelude and fugue no. 11 in F major BWV 856 | Netherlands Bach Society;34goOHPfguY
Bach - Komm, Gott Sch÷pfer, heiliger Geist BWV 667 - Smits | Netherlands Bach Society;aufa8GvwS9w
Musicians in corona times | Netherlands Bach Society;uX5Anj7ntl0
Bach - Fugue in C major BWV 952 - Hanta | Netherlands Bach Society;1NpHLOt9Bpw
Van Doeselaar on Bach Fantasia Super BWV 651 | Netherlands Bach Society;dBDwkCIgcR4
Bach - Motet Jesu, meine Freude BWV 227 - PrÚgardien | Netherlands Bach Society;uN5Tt7SAhzg
Bach - WTC I Prelude and fugue no. 24 in B minor BWV 869 - Van Asperen | Netherlands Bach Society;UGieOVATEOM
Van Asperen on Bach WTC I Prelude and fugue no. 24 in B minor BWV 869 | Netherlands Bach Society;V3kQgnUJh3U
Bach - Prelude and fugue in B minor BWV 544 - Te Lindert | Netherlands Bach Society;ES7fN2lXWHU
Te Lindert on Bach Prelude and fugue in B minor BWV 544 | Netherlands Bach Society;vVZ9yT3fMqU
Bach - Cantata Was Gott tut, das ist wohlgetan BWV 100 - Van Veldhoven | Netherlands Bach Society;0oS4clt71dU
Van Veldhoven on Bach Cantata BWV 100 | Netherlands Bach Society;ZpO1-SIP2hU
Root on Bach Cantata BWV 100 | Netherlands Bach Society;NpGOI_jxNLs
Van Doeselaar on organ registration | Netherlands Bach Society;JP1dti3SsOU
Bach - Concerto in G major BWV 986 - Naessens | Netherlands Bach Society;bLW4OA27jTE
Naessens on Bach Concerto in G major BWV 986 | Netherlands Bach Society;jheatiafdNo
Jacobs on Allein Gott in der H÷h sei Ehr BWV 715 | Netherlands Bach Society;8BZgVer1VVo
Bach - Cantata Der Friede sei mit dir BWV 158 - Rademann | Netherlands Bach Society;HVoFRILw8os
Brook on Bach Cantata BWV 158 | Netherlands Bach Society;JFepjI2ONkM
Zerer on Bach Wachet auf, ruft uns die Stimme BWV 645 | Netherlands Bach Society;KvqaBCwmbJo
Bach - Cantata Sie werden euch in den Bann tun BWV 44 - Van Veldhoven | Netherlands Bach Society;2MqkELwZhxc
Aghassi on Bach Cantata BWV 44 | Netherlands Bach Society;t1lITLuyvDw
Bach - Es ist vollbracht from St John Passion BWV 245 | Netherlands Bach Society;8sURg5yT69U
Van Veldhoven on Bach St John Passion BWV 245 | Netherlands Bach Society;VIBJ67VqBOs
Bach - Zerflie▀e, mein Herze from St John Passion BWV 245 | Netherlands Bach Society;kjLifSaFlfQ
Musicians on Bach St John Passion BWV 245 | Netherlands Bach Society;KyHSxv-Y8R0
Bach - Fuga super: Jesus Christus unser Heiland BWV 689 - Van Doeselaar | Netherlands Bach Society;VxS-6gzdcYg
The countertenor | Netherlands Bach Society;co2Ma_-aRUg
Bach - Ach Herr, la▀ dein lieb Engelein from St John Passion BWV 245 | Netherlands Bach Society;apWYzBxtT9M
Bedankt voor uw steun!;7DRhd39bzYY
Young Bach Fellowship | Netherlands Bach Society;7fQ30GUNbiw
Bach - Kyrie, Christe, Kyrie BWV 242 - Van Veldhoven | Netherlands Bach Society;yn-nW1_y2Ho
Van Veldhoven on Bach Kyrie, Christe, Kyrie BWV 242 | Netherlands Bach Society;qeX7dlQ4K-Y
Support All of Bach and our musicians;L7i6dP_fiZc
Bach - Opening Chorus Herr, unser Herrscher from St John Passion BWV 245 | Netherlands Bach Society;FyeOPfg_6FE
Bach - Cantata Aus der Tiefen rufe ich... BWV 131 - Van Veldhoven | Netherlands Bach Society;TMWDxIkl1fc
Stadler, Van Veldhoven and Daniels on Bach Cantata BWV 131 | Netherlands Bach Society;4byWTDDf9m4
Bach - Jesus Christus, unser Heiland BWV 666 - Van Doeselaar | Netherlands Bach Society;U53wlsIq5As
Van Doeselaar on Bach Jesus Christus, unser Heiland BWV 666 | Netherlands Bach Society;XwMP4XIK2Uc
Bach - Ruht wohl, ihr heiligen Gebeine from St John Passion BWV 245 | Netherlands Bach Society;O9bOaHvKUZE
Shunske Sato performs Erbarme dich from his home | Netherlands Bach Society;_y7qoHpXF2E
Bach - Italian Concerto in F major BWV 971 - Schornsheim | Netherlands Bach Society;wjXCJL8P0rs
Bach - Cantata Jesus schlńft, was soll ich hoffen BWV 81 - Sato | Netherlands Bach Society;n5QJIGTCgIs
MacLeod on Bach Cantata BWV 81 | Netherlands Bach Society;aRTH4cwM2FE
Bach - Hilfe Gott, das mir's gelinge BWV 624 - Jacobs | Netherlands Bach Society;YWCDl7njn-4
Jacobs on Bach Hilfe Gott, das mir's gelinge BWV 624 | Netherlands Bach Society;eAVO1DETDtU
Bach - Orchestral Suite no. 1 in C major BWV 1066 - Sato | Netherlands Bach Society;DquhZcSwrrI
Sato on Bach Orchestral Suite no. 1 in C major BWV 1066 | Netherlands Bach Society;DfufDcbzko8
Bach - Cantata Auf, schmetternde T÷ne BWV 207a - Van Veldhoven | Netherlands Bach Society;YnhkPwFno0Y
Bach - Gleichwie der Regen und Schnee vom Himmel fńllt BWV 18 - Sato | Netherlands Bach Society;MFftxZNUiew
Bach - Partite diverse sopra: Christ, der du bist BWV 766 - Jellema | Netherlands Bach Society;JGus2RYI01k
Jellema on Bach Partite diverse sopra: Christ, der du bist BWV 766 | Netherlands Bach Society;nCrhpFU8wbs
Bach - WTC I Prelude and fugue no. 2 in C minor BWV 847 - Suzuki | Netherlands Bach Society;XkSJq_W58TU
Suzuki on Bach WTC I Prelude and fugue no. 2 in C minor BWV 847 | Netherlands Bach Society;fHKVgN202Ik
Rondeau on Bach Goldberg Variations BWV 988 | Netherlands Bach Society;RuV8J3hkjKc
Alard on Bach WTC I Prelude and fugue no. 16 in G minor BWV 861 | Netherlands Bach Society;qturiekKjsU
Smits on Bach Wir glauben all an einen Gott BWV 680 | Netherlands Bach Society;opFU1NC6WPE
Hanta on Bach French Suite no. 3 in B minor BWV 814 | Netherlands Bach Society;UP_RpG3QrGc
Van Veldhoven on Bach Cantata BWV 99 | Netherlands Bach Society;OT_KzU_3RfM
Bach - Vater unser im Himmelreich BWV 683 - Van Doeselaar | Netherlands Bach Society;FRxEQ8ZPoZ8
Van Doeselaar on Bach Vater unser im Himmelreich BWV 683 | Netherlands Bach Society;LKlwwEuxkyM
Bach - 'Brandenburg' Concerto no. 6 in B-flat major BWV 1051 - Sato | Netherlands Bach Society;76oidwtHyIo
Bach - Prelude and fugue in  E minor BWV 533 - Schouten | Netherlands Bach Society;QLS_VaTpbvA
Schouten on Bach Prelude and fugue in E minor BWV 533 | Netherlands Bach Society;7iI3SOcrpKg
Bach - Cantata Du wahrer Gott und Davids Sohn BWV 23 - Kuijken | Netherlands Bach Society;jFold6aip6s
Bach - Prelude and fugue in G major BWV 550 - Havinga | Netherlands Bach Society;RzswHY9mNoI
Havinga on Bach Prelude and fugue in G major BWV 550 | Netherlands Bach Society;9m92JcciqA0
Bach - Concerto in C major BWV 594 - Kofler | Netherlands Bach Society;5Af1g_ebCrM
The Schnitger organ in Uithuizen | Netherlands Bach Society;JUrsCUksrKw
All of Bach celebrates 100K subscribers;hkbzGMXMnXw
Bach - Concerto for three harpsichords in C major BWV 1064 - Mortensen | Netherlands Bach Society;vRfcGmVH5dI
Mortensen, Henstra and Van Delft on Concerto C major BWV 1064 | Netherlands Bach Society;as13hLehP6A
Bach - Wir glauben all an einen Gott BWV 680 - Smits | Netherlands Bach Society;_j_OK9tUNkM
Bach - Fughetta super: Dies sind die heil'gen zehn Gebot BWV 679 | Netherlands Bach Society;tJhT6zGiej8
Bach - In dir ist Freude BWV 615 - Jellema | Netherlands Bach Society;_xgGBvnShsU
Bach - Chorale Ich bin ja, Herr, in deiner Macht BWV 345 - PrÚgardien | Netherlands Bach Society;nHEXjLwKWsg
Bach - Six little preludes BWV 933-938 - Alard | Netherlands Bach Society;xInP7Jcq9r0
Alard on Bach Six little preludes BWV 933-938 | Netherlands Bach Society;if102INLAAg
Van Veldhoven on Bach Magnificat BWV 243 | Netherlands Bach Society;bckm3TR4kqE
Jacobs on Bach Das alte Jahr vergangen ist BWV 614 | Netherlands Bach Society;b9gB3LWY7Qo
Haugsand on Bach Suite in F minor BWV 823 | Netherlands Bach Society;G58JGv_K4YM
Musicians on Cantata BWV 207a | Netherlands Bach Society;DHb8Z3d16s4
Bach - Fantasia and fugue in C minor BWV 537 - Wiersinga | Netherlands Bach Society;HopXS1gIrpQ
Wiersinga on Bach Fantasia and fugue in C minor BWV 537 | Netherlands Bach Society;eFfkhgyCmxo
Bach - Cantata Sie werden aus Saba alle kommen BWV 65 - Rademann | Netherlands Bach Society;qhzr7EU6XS8
Rademann on Bach Cantata BWV 65 | Netherlands Bach Society;tTyl1puIQsA
Bach - Fugue in A minor BWV 959 - Ares | Netherlands Bach Society;XKy9c8RTgoE
Ares on Bach Fugue in A minor BWV 959 | Netherlands Bach Society;70xx6ebmeww
Bach - Concerto in G major BWV 592 - Van Doeselaar | Netherlands Bach Society;bkCfCttf79k
Van Doeselaar on Bach Concerto in G major BWV 592 | Netherlands Bach Society;MymTSTfMQKA
Bach - Cantata Ach Gott, wie manches Herzeleid BWV 58 - Van Veldhoven | Netherlands Bach Society;BfQ141rrsrY
Van Veldhoven on Bach Cantata BVW 58 | Netherlands Bach Society;sKNIj4wyZZg
Bach - Das alte Jahr vergangen ist BWV 614 - Jacobs | Netherlands Bach Society;hnvq3qbKkr8
Bach - Cantata Christen, ńtzet diesen Tag BWV 63 - Creed | Netherlands Bach Society;ugwRo3md1CM
Bach - WTC I Prelude and fugue no. 4 in C-sharp minor BWV 849 - Cuiller | Netherlands Bach Society;pbZkfxboS7Y
Cuiller on Bach WTC I Prelude and fugue no. 4 in C-sharp minor BWV 849 | Netherlands Bach Society;XqDA4e-sruU
Stille Nacht | Netherlands Bach Society;0kSvivCZmv8
Bach - Magnificat BWV 243 - Van Veldhoven | Netherlands Bach Society;EsUWG2axB3w
Hobbs on Bach Magnificat BWV 243 | Netherlands Bach Society;a7M3aqwDvPo
Swarts and Van der Meer on Bach Magnificat BWV 243 | Netherlands Bach Society;VZrLgPRV3ww
Bla×Ýkovß on Bach Magnificat BWV 243 | Netherlands Bach Society;PAV8CYGZd_U
Vanryne on Bach Magnificat BWV 243 | Netherlands Bach Society;M4fW3ARAU98
Jellema on Bach In dir ist Freude BWV 615 | Netherlands Bach Society;v-a9P7yRWqg
Bach - Cantata Bereitet die Wege, bereitet die Bahn BWV 132 - Bernardini | Netherlands Bach Society;4DzowOUZtB0
Doyle on Bach Cantata BWV 132 | Netherlands Bach Society;o6yLDPSErsM
W÷rner on Bach Cantata BWV 132 | Netherlands Bach Society;N3oeuIgeQic
Bernardini on Bach Cantata BWV 132 | Netherlands Bach Society;4-iJhc5bYCY
Bach - Nun komm, der Heiden Heiland BWV 659 - Van Doeselaar | Netherlands Bach Society;K2ANMpDoRow
Van Doeselaar on Bach Nun komm, der Heiden Heiland BWV 659 | Netherlands Bach Society;LHKejXxaaCg
Bach - Violin Partita no. 2 in D minor BWV 1004 - Sato | Netherlands Bach Society;44Wz92zQe04
Bach - Orchestral Suite no. 4 in D major BWV 1069 - Mortensen | Netherlands Bach Society;uTUEvfdHyL0
Mortensen on Bach Orchestral Suite no. 4 in D major BWV 1069 | Netherlands Bach Society;MAF2WUsMlh4
Bach - Violin Partita no. 3 in E major BWV 1006 - Sato | Netherlands Bach Society;gYT1JUq0k04
Bach - Partite diverse sopra: Sei gegrŘsset BWV 768 - Van Doeselaar | Netherlands Bach Society;seFBz-Cxkxw
Van Doeselaar on Bach Partite diverse sopra: Sei gegrŘsset BWV 768 | Netherlands Bach Society;Wo_1zw18toc
Bach - Violin Sonata no. 3 in C major BWV 1005 - Sato | Netherlands Bach Society;1oNBktYlGgQ
Bach - Fantasia super: Valet will ich dir geben BWV 735 - Wiersinga | Netherlands Bach Society;9AnGjJAbW5I
Wiersinga on Fantasia super: Valet will ich dir geben BWV 735 | Netherlands Bach Society;YHCeeuzn3j0
Violin partitas and sonatas trailer;yFkYrDLeGrY
Bach - Cantata Was Gott tut, das ist wohlgetan BWV 99 - Van Veldhoven | Netherlands Bach Society;TwmQo97zb6I
Root on Bach Cantata BWV 99 | Netherlands Bach Society;oxIcmVkRECU
Bach - Sonata no. 1 in E-flat major BWV 525 - Zerer | Netherlands Bach Society;3YGPe0OrNzo
Zerer on Bach Sonata no. 1 in E-flat major BWV 525 | Netherlands Bach Society;VoVtJSAWBqU
Bach - Violin Sonata no. 2 in A minor BWV 1003 - Sato | Netherlands Bach Society;b24_rysm2S8
Bach - Harpsichord concerto in A major BWV 1055 - Corti | Netherlands Bach Society;pXMH56hJBVI
Corti on Harpsichord Concerto in A major BWV 1055 | Netherlands Bach Society;EnZEtnCoAW0
Bach - Violin Partita no. 1 in B minor BWV 1002 - Sato | Netherlands Bach Society;k6lmRD4FgKQ
Bach - WTC I Prelude and fugue no. 16 in G minor BWV 861 - Alard | Netherlands Bach Society;NLTNyhpMEEM
Bach - Violin Sonata no. 1 in G minor BWV 1001 - Sato | Netherlands Bach Society;MRKy3kX8XUM
The Baroque violin and bow | Netherlands Bach Society;MEOgzUkD-IY
Bach - Loure from Violin partita in E major BWV 1006 - Luna van Leeuwen | Netherlands Bach Society;OWL6jFmyPTg
Bach - Largo from Violin sonata in C major BWV 1005 - Yente Lottman | Netherlands Bach Society;ua_E9yxForM
Bach - Gigue from Violin partita in D minor BWV 1004 - Dario Hulsing | Netherlands Bach Society;2SbKo9k9pC0
Bach - Allemande from Violin partita BWV 1004 - Zohra Jongerius | Netherlands Bach Society;Qon7AaH3UOI
Bach - Allegro from Violin sonata in A minor BWV 1003 - Dominique Seelen | Netherlands Bach Society;OGJ9skYNa4s
Bach - Allemande from Violin partita in B minor BWV 1002 - Sedna Heitzman | Netherlands Bach Society;ih-XHTaixNE
Bach - Fugue from Violin sonata in G minor BWV 1001 - Iris Kengen | Netherlands Bach Society;NvwkFBzUMMM
Masterclass young talents - Introduction baroque violin - March 2019 | Netherlands Bach Society;i8UNFbGzFMM
Bach - Schweigt stille, plaudert nicht, 'Kaffeekantate' BWV 211 - Sato | Netherlands Bach Society;B6Loyexw3uk
Bach - WTC I Prelude and fugue no. 7 in E-flat major BWV 852 - Belder | Netherlands Bach Society;kvJRRWbsgSE
Bach - Cantata Preise Jerusalem den Herrn BWV 119 - Dijkstra | Netherlands Bach Society;aJAOE3d_YpI
Stadler on Cantata Preise Jerusalem den Herrn BWV 119 | Netherlands Bach Society;MHj1QmDAzLQ
Havinga on Herzlich tut mich verlangen BWV 727 | Netherlands Bach Society;scsfoEaq-PQ
Ayrton on WTC I Prelude and fugue no. 3 in C-sharp major BWV 848 | Netherlands Bach Society;GhKcfXCk2bM
Bach - Ich ruf zu dir, Herr Jesu Christ BWV 639 - Van Doeselaar | Netherlands Bach Society;fLLEumabTPA
Van Doeselaar on Ich ruf zu dir, Herr Jesu Christ BWV 639 | Netherlands Bach Society;dt2Pt4b15UQ
MacLeod and Baker on Bach Motet Ich lasse dich nicht BWV anh. 159 | Netherlands Bach Society;AAF7yHzE5Lo
Sato and Deans on Concerto for two violins in D minor BWV 1043 | Netherlands Bach Society;iwHOeTHMiGk
Henstra on Bach WTC I Prelude and fugue in C major BWV 846 | Netherlands Bach Society;IvUiCpSJmp0
Verhelst on Bach Prelude and fugue no. 22 in B flat minor BWV 867 | Netherlands Bach Society;G42GNPBjo9s
Sato on Bach Violin Partita no. 2 in D minor BWV 1004 | Netherlands Bach Society;DeXSXVJMGIs
Bach - Prelude (Fantasia) in A minor BWV 922 - Mortensen | Netherlands Bach Society;jtkERQx7GGk
Mortensen on Prelude (Fantasia) in A minor BWV 922 | Netherlands Bach Society;Jpcd9wYweVE
Bach - Cantata Nun ist das Heil und die Kraft BWV 50 - Van Veldhoven | Netherlands Bach Society;d6xz3xr3Sek
Van Veldhoven on Bach Cantata BWV 50 | Netherlands Bach Society;L6_UMSyXlso
Bach - Canzona in D minor BWV 588 - Schouten | Netherlands Bach Society;wn8Jrj_ch0k
Schouten on Bach Canzona in D minor BWV 588 | Netherlands Bach Society;Ar_e5Ae8iGE
Bach - WTC I Prelude and fugue no. 10 in E minor BWV 855 - Haas | Netherlands Bach Society;uVAPgZyXPNE
Haas on WTC I Prelude and fugue no. 10 in E minor BWV 855 | Netherlands Bach Society;S5rh_feh-BU
The natural trumpet | Netherlands Bach Society;8kE-hHuBTk4
Bach - Chorale Jesu, meine Freude BWV 358 - PrÚgardien | Netherlands Bach Society;Umoe_9Zxme8
Bach - Prelude and fugue in D minor BWV 539 - Smits | Netherlands Bach Society;VHEilVQ6WYE
Smits on Prelude and fugue in D minor BWV 539 | Netherlands Bach Society;1QX0wFIWiA4
Bach - Trio sonata in G major BWV 1038 | Netherlands Bach Society;jcpQhFVSZ-g
Sato on Bach Trio sonata in G major BWV 1038 | Netherlands Bach Society;bUHcnEVUptk
Bach - Cantata Jesu, der du meine Seele BWV 78 - Van Veldhoven | Netherlands Bach Society;JAlt2NAfaYA
Matthew Brook on Bach Cantata BWV 78 | Netherlands Bach Society;F83TuNQlcwE
Bach - Prelude and fugue in C major BWV 545 - Jacobs | Netherlands Bach Society;zNhdTRyizBA
Jacobs on Bach Prelude and fugue in C major BWV 545 | Netherlands Bach Society;YKZAcNM6jOk
Bach - Harpsichord concerto in F minor BWV 1056 - Henstra | Netherlands Bach Society;QzOYMTT_xx8
Henstra on Harpsichord concert in F minor BWV 1056 | Netherlands Bach Society;SrNWNkwXMuU
Bach - Adagio in G major BWV 968 - Haugsand | Netherlands Bach Society;d5Zd8_YOlDo
Haugsand on Bach Adagio in G major BWV 968 | Netherlands Bach Society;dx1k8DLzy-Y
Jellema on Wir glauben all an einen Gott BWV 740 | Netherlands Bach Society;lt_qtcK26FQ
Bach - Cantata Schwingt freudig euch empor BWV 36 - Van Veldhoven | Netherlands Bach Society;nCwXlEcnXKI
Belder and Henstra on Bach Cantata BWV 36 | Netherlands Bach Society;SNdUwMfmB7o
Van Veldhoven on Bach Cantata BWV 36 | Netherlands Bach Society;ERRQp_EvR0k
Van Doeselaar on Bach Cantata BWV 36 | Netherlands Bach Society;4BwAjbwVAxM
Bach - Trio Super: Nun komm, der Heiden Heiland BWV 660 - Van Doeselaar | Netherlands Bach Society;d8bLgZAV2Ug
Van Doeselaar on Bach Trio Super: Nun komm, der Heiden Heiland BWV 660 | Netherlands Bach Society;762XVNUfd9c
Bach - Vergiss mein nicht BWV 505 - Daniels | Netherlands Bach Society;RQfAupYkdUc
Wiersinga on Liebster Jesu, wir sind hier BWV 731 | Netherlands Bach Society;e2Sdo_7Bp_A
Bach - WTC I Prelude and fugue no. 22 in B-flat minor BWV 867 - Verhelst | Netherlands Bach Society;rbcYLQZouiM
Bach - Sonata for violin and harpsichord no. 3 in E major BWV 1016 | Netherlands Bach Society;02RgiUYpCu8
Sato on Bach Sonata for violin and harpsichord in E major BWV 1016 | Netherlands Bach Society;rVZQKJFxO8k
Bach - WTC I Prelude and fugue no. 3 in C-sharp major BWV 848 - Ayrton | Netherlands Bach Society;d_DFyOgtCzw
Van Doeselaar on Bach Dies sind die heil'gen zehn Gebot BWV 679 | Netherlands Bach Society;oUEFsDYbjbg
Bach - Cantata Geist und Seele wird verwirret BWV 35 - Van Veldhoven | Netherlands Bach Society;oMclNxEre2M
Engeltjes on Bach Cantata BWV 35 | Netherlands Bach Society;DjFexqXS-90
Bach - WTC I Prelude and fugue no. 12 in F minor BWV 857 - Dirksen | Netherlands Bach Society;74suFWTO8P0
Bach - Violin Concerto in D minor BWV 1052R - Sato | Netherlands Bach Society;bZFOhkGGr8A
Sato on Violin Concerto in D minor BWV 1052R | Netherlands Bach Society;PNiLbYRmuuk
Bach - Valet will ich dir geben BWV 736 - Zerer | Netherlands Bach Society;yf708L_VpDA
Zerer on Valet will ich dir geben BWV 736 | Netherlands Bach Society;l5IF6FxAJPg
Bach - English Suite no. 2 in A minor BWV 807 - Cuiller | Netherlands Bach Society;kPDTyKts0J4
Cuiller on Bach English Suite no. 2 in A minor BWV 807 | Netherlands Bach Society;by884lpyBXA
Bach - Fantasia and fugue in G minor BWV 542 - Van Doeselaar | Netherlands Bach Society;tgDE3klkmtQ
Van Doeselaar on Bach Fantasia and fugue in G minor BWV 542 | Netherlands Bach Society;pGb-e1Qbyvo
Bach - WTC I Prelude and fugue no. 17 in A-flat major BWV 862 - Fortin | Netherlands Bach Society;4pXSan5YMnM
Fortin on WTC I Prelude and fugue no. 17 in A-flat major BWV 862 | Netherlands Bach Society;APT0kCut0AQ
Bach - Cantata Lobe den Herren... BWV 137 - Dijkstra | Netherlands Bach Society;rNAxuzyDLzs
Dijkstra, Van Doeselaar and Swarts on Bach Cantata BWV 137 | Netherlands Bach Society;47USK27DIKM
Bach - Mass in F major BWV 233 - Rademann | Netherlands Bach Society;hyVLhEsH_q8
Rademann on Bach Mass in F major BWV 233 | Netherlands Bach Society;_tPAYKtTNAc
Bach - Suite in F minor BWV 823 - Haugsand | Netherlands Bach Society;-V69cDC603g
Bach - Cantata Herr, gehe nicht ins Gericht BWV 105 - Van Veldhoven | Netherlands Bach Society;hT3RlTfuTdk
Van Veldhoven and Vanryne on Cantata Herr, gehe nicht BWV 105 | Netherlands Bach Society;3YlqZ1TexVE
Bach - Fugue in G major BWV 957 - Jacobs | Netherlands Bach Society;2VjXQ26R_Wk
Jacobs on Bach Fugue in G major BWV 957 | Netherlands Bach Society;bgOJ3dN6cCU
Bach - Cantata Jesus nahm zu sich die Zw÷lfe BWV 22 - Kuijken | Netherlands Bach Society;xcflikYLk1w
Kuijken on Bach Cantata BWV 22 | Netherlands Bach Society;FVvIzMNcvkI
Bach - WTC I Prelude and fugue no.13 in F-sharp major BWV 858 - Van Delft | Netherlands Bach Society;z3KzC_Uu28c
Van Delft on Bach WTC I Prelude and fugue no. 13 in F-sharp major BWV 858 | Netherlands Bach Society;rAsgmQwbVpg
Bach - So gehst du nun BWV 500 - Daniels | Netherlands Bach Society;E5vGCz8TYqk
Daniels and Van Delft on Musicalisches Gesang-Buch Schemelli | Netherlands Bach Society;wY_oaauvWtk
Bach - Nun freut euch, lieben Christen g'mein BWV 734 - Wiersinga | Netherlands Bach Society;hLokWtniABc
Wiersinga on Bach Nun freut euch, lieben Christen g'mein BWV 734 | Netherlands Bach Society;jitPLFCMSkc
Bach - Flute Partita in A minor BWV 1013 - Root | Netherlands Bach Society;onB39cumbF4
Root on Bach Flute Partita in A minor BWV 1013 | Netherlands Bach Society;fFbHJqVP90U
Schouten on Bach Trio in D minor BWV 583 | Netherlands Bach Society;smqMAqIQiyY
Bach - Orchestral Suite no. 3 in D major BWV 1068 - Mortensen | Netherlands Bach Society;oqU4rF_ysQo
Mortensen on Orchestral Suite no. 3 in D major BWV 1068 | Netherlands Bach Society;67j2XdI6FCY
Bach - Air from Orchestral Suite no. 3 in D major BWV 1068 | Netherlands Bach Society;tuB104s0Yas
Bach - Cantata Wir danken dir... BWV 29 - Van Veldhoven | Netherlands Bach Society;Ih51HIyTW0Q
Van Doeselaar and Sato on Bach Cantata BWV 29 | Netherlands Bach Society;u1im6NdhoBo
Keohane on Bach Cantata BWV 29 | Netherlands Bach Society;Z7zf50kbsyw
Van Veldhoven on Bach Cantata BWV 29 | Netherlands Bach Society;QUG8cwXMV6E
Bach - Sonata no. 2 in C minor BWV 526 - Winsemius | Netherlands Bach Society;tPZkWw1h8BQ
Bach - WTC I Prelude and fugue no. 18 in G-sharp minor BWV 863 - Bernolet | Netherlands Bach Society;T24-ZRHXpbQ
Winsemius on Bach Sonata no. 2 in C minor BWV 526 | Netherlands Bach Society;x5lMmBsUops
Bach - English Suite no. 3 in G minor BWV 808 - Hanta | Netherlands Bach Society;2UxTsFXZsnQ
Hanta on Bach English Suite no. 3 in G minor BWV 808 | Netherlands Bach Society;dpsS3KiIKDs
Bernolet on Bach WTC I Prelude and fugue no. 18 in G-sharp minor BWV 863 | Netherlands Bach Society;0fDNV6Sx_X4
Smits on Bach Allein Gott in der H÷h sei Ehr BWV 663 | Netherlands Bach Society;b77dvJOIfHI
Wiersma on Cantata BWV 207a | Netherlands Bach Society;X0oqmc7NX9Q
Bach - Duet in A minor BWV 805 - Van Doeselaar | Netherlands Bach Society;pV4OS023jN4
Van Doeselaar on Bach Duet in A minor BWV 805 | Netherlands Bach Society;y4EJKg5v0Nw
Bach - Easter Oratorio: Kommt, eilet und laufet BWV 249 - Van Veldhoven | Netherlands Bach Society;62fawgUUpg8
Van Veldhoven and Hobbs on Bach Easter Oratorio BWV 249 | Netherlands Bach Society;VUA7LRsJSiw
Pashchenko on Bach WTC I Prelude and fugue no. 20 in A minor BWV 865 | Netherlands Bach Society;3GYKFF9-jR8
Bach - Fughetta in C minor BWV 961 - DŘtschler | Netherlands Bach Society;dL816euXUuU
DŘtschler on Bach Fughetta in C minor BWV 961 | Netherlands Bach Society;1ICZUZYU458
Bach - Cantata Ich will den Kreuzstab gerne tragen BWV 56 - Bonizzoni | Netherlands Bach Society;GqtHzaPCe9I
Bonizzoni on Bach Cantata BWV 56 | Netherlands Bach Society;xU43yTm15LU
Bach - WTC I Prelude and fugue no. 20 in A minor BWV 865 - Pashchenko | Netherlands Bach Society;hViR1LQh1MM
Bach - Mache dich, mein Herze, rein from St Matthew Passion BWV 244 | Netherlands Bach Society;EGq-9pC_5AM
Bach - Wenn ich einmal soll scheiden from St Matthew Passion BWV 244 | Netherlands Bach Society;Io7G2WYbbcg
Van Veldhoven on Bach St Matthew Passion BWV 244 (Manuscript) | Netherlands Bach Society;53VrYf_8B0I
Bach - Komm, sŘsses Kreuz from St Matthew Passion BWV 244 | Netherlands Bach Society;AVH-VLqOYGE
Bach - Aus Liebe from St Matthew Passion BWV 244 | Netherlands Bach Society;-88ZpkYssf0
Van Veldhoven on Bach St Matthew Passion BWV 244 (Rhetoric) | Netherlands Bach Society;LNBD3PYKXWQ
Bach - Gebt mir meinen Jesum wieder from St Matthew Passion BWV 244 | Netherlands Bach Society;WXWPXJ5kcjk
Bach - Erbarme dich from St Matthew Passion BWV 244 | Netherlands Bach Society;QUOLzacVlrg
Van Veldhoven on Bach St Matthew Passion BWV 244 (St Matthew Tradition) | Netherlands Bach Society;T-ShZbOGdV8
Bach - Sind Blitze, sind Donner from St Matthew Passion BWV 244 | Netherlands Bach Society;_uLpp6cW7sA
Bach - So ist mein Jesus nun gefangen from St Matthew Passion BWV 244 | Netherlands Bach Society;sagtomvCjfE
Bach - O Lamm Gottes, unschuldig BWV 656 - Zerer | Netherlands Bach Society;YawozgUoYEI
Zerer on O Lamm Gottes unschuldig BWV 656 | Netherlands Bach Society;rqL-bG0jkrk
Root on Bach Orchestral Suite no. 2 in B minor BWV 1067 | Netherlands Bach Society;Sz_9dQycOno
Sato on Bach Orchestral Suite no. 2 in B minor BWV 1067 | Netherlands Bach Society;KqcHfGtB5fk
Daniels on Bach St Matthew Passion BWV 244 | Netherlands Bach Society;CC93_G3FgTY
Bach - Ich will dir mein Herze schenken from St Matthew Passion BWV 244 | Netherlands Bach Society;QYi1E1dkth0
Bach - Opening Chorus Kommt, ihr T÷chter from St Matthew Passion BWV 244 | Netherlands Bach Society;RnkSFKJ4rC0
Sato on Bach St Matthew Passion BWV 244 | Netherlands Bach Society;ak0Pxyt9Qfw
Musicians on Bach St Matthew Passion BWV 244 | Netherlands Bach Society;yvlL-WHXK_w
Bach - St Matthew Passion BWV 244 - Van Veldhoven | Netherlands Bach Society;ZwVW1ttVhuQ
St Matthew Passion trailer | Netherlands Bach Society;e_AZozBtJPw
Bach - Cantata Ich steh mit einem Fuss im Grabe BWV 156 - Mortensen | Netherlands Bach Society;drFcH_WwK7Y
Mortensen on Bach Cantata BWV 156 | Netherlands Bach Society;PQS1fZXCj98
Bach - Prelude and fugue in C major BWV 547 - Van Doeselaar | Netherlands Bach Society;P97d0Y8Hx_g
Van Doeselaar on Bach Prelude and fugue in C major BWV 547 | Netherlands Bach Society;VQUWeG6OaXo
Bach - WTC I Prelude and fugue no. 6 in D minor BWV 851 - Steenbrink | Netherlands Bach Society;nz7JakMMG-c
Steenbrink on Bach WTC I Prelude and fugue no. 6 in D minor BVW 851 | Netherlands Bach Society;RXm8Tc8kj18
Smits on Bach Allein Gott in der H÷h sei Ehr BWV 677 | Netherlands Bach Society;zNJBDZ6evTk
Te Lindert on Bach Partite Diverse Sopra BWV 770 | Netherlands Bach Society;rZxA0CASoAc
Bach - Cantata Wachet auf, ruft uns die Stimme BWV 140 - Van Veldhoven | Netherlands Bach Society;DqZE54i-muE
Van Veldhoven on Bach Cantata BWV 140 | Netherlands Bach Society;tvB-sJyZEqw
Bach - Concerto for two violins in D minor BWV 1043 - Sato and Deans | Netherlands Bach Society;ILKJcsET-NM
Van Doeselaar on Bach An WasserflŘssen Babylon BWV 653 | Netherlands Bach Society;RNYKo3GnEkM
Bach - Cantata Der Herr denket an uns BWV 196 - Van Veldhoven | Netherlands Bach Society;YNjAHgMMsFs
Mields, Van Veldhoven and Daniels on Bach Cantata BWV 196 | Netherlands Bach Society;mBxnWgGsoAQ
Bach - Prelude and fugue in A major BWV 896 - Rieger | Netherlands Bach Society;GxuTShUS4Cg
Rieger on Bach Prelude and fugue in A major BWV 896 | Netherlands Bach Society;bZlRHxyA2bg
Bach - Motet Sei Lob und Preis mit Ehren BWV 231 - Van Veldhoven | Netherlands Bach Society;LJNbyN6j63M
Van Veldhoven on Motet BWV 231 | Netherlands Bach Society;5kHPKntwG8c
Schouten on Bach Wer nur den lieben Gott lńsst walten BWV 691 | Netherlands Bach Society;B4XN7R6rgOI
Jellema on Ein feste Burg ist unser Gott BWV 720 | Netherlands Bach Society;dpO8pv5VvBQ
Bach - Concerto for three harpsichords in D minor BWV 1063 - Mortensen | Netherlands Bach Society;PdNjyzxqmWU
Mortensen, Henstra and Van Delft on Bach Concerto in D minor BWV 1063 | Netherlands Bach Society;lhhbRwFj1YM
Doyle on Bach Cantata BWV 199 | Netherlands Bach Society;o9XuTA4MuE0
Bach - Cantata Mein Herze schwimmt in Blut BWV 199 - Bernardini | Netherlands Bach Society;v9ow2SGHI94
Bernardini on Bach Cantata BWV 199 | Netherlands Bach Society;lSrwMr7aKzU
Bach - French Suite no. 5 in G major BWV 816 - Corti | Netherlands Bach Society;lG8v_BA0Hhs
Corti on Bach French Suite no. 5 in G major BWV 816 | Netherlands Bach Society;qwAgTBy9cGk
Van Doeselaar on Bach Herr Gott, nun schleuss den Himmel auf BWV 617 | Netherlands Bach Society;eiWBocAsVjw
Bach - Dir, dir Jehova, will ich singen BWV 299 - Daniels | Netherlands Bach Society;kQtsrPC7iIk
Bach - Fugue in C minor BWV 575 - Wiersinga | Netherlands Bach Society;f06Tto0wc2w
Wiersinga on Bach Fugue in C minor BWV 575 | Netherlands Bach Society;rFkyYwBsddY
Bach - Mass in B minor BWV 232 - Van Veldhoven | Netherlands Bach Society;3FLbiDrn8IE
Bach - Motet Ich lasse dich nicht BWV anh. 159 - MacLeod | Netherlands Bach Society;g37yyToAgC4
Bach - Cantata Die Elenden sollen essen BWV 75 - Kuijken | Netherlands Bach Society;CVigm_9XHj0
Franenberg on the violone | Netherlands Bach Society;S3-nAWn2EH8
Franenberg on Bach Cantata BWV 75 | Netherlands Bach Society;9ptgEOWvyZo
Bach - Toccata in E minor BWV 914 - Jacobs | Netherlands Bach Society;WialMe-8zaU
Jacobs on Toccata in E minor BWV 914 | Netherlands Bach Society;gFXCgbGqLrU
Bach - Toccata in D major BWV 912 - Cuiller | Netherlands Bach Society;shOEe0KvKQ8
Cuiller on Bach Toccata in D major BWV 912 | Netherlands Bach Society;cOw1cjUsUw0
Bach - Concerto in D minor BWV 596 - Van Doeselaar | Netherlands Bach Society;w2upDLfG2Os
Van Doeselaar on Bach Concerto in D minor BWV 596 | Netherlands Bach Society;yDckcUITj3w
Bach - Motet Singet dem Herrn ein neues Lied BWV 225 - MacLeod | Netherlands Bach Society;6aaESm5ySWU
MacLeod and Myrus on Bach Motet BWV 225 | Netherlands Bach Society;L90v_VzJh38
Bach - Fughetta: Das Jesulein soll doch mein Trost BWV 702 - Jacobs | Netherlands Bach Society;KvnUfi4-ON0
Jacobs on Bach Fughetta: Das Jesulein soll doch mein Trost BWV 702 | Netherlands Bach Society;ysF088mXB-g
Bach - WTC I Prelude and fugue no. 9 in E major BWV 854 - Rieger | Netherlands Bach Society;5gf-QYR1Ap0
Rieger on Bach WTC I Prelude and fugue no. 9 in E major BWV 854 | Netherlands Bach Society;bPvHphlZrKM
Bach - Cantata SŘ▀er Trost, mein Jesus k÷mmt BWV 151 - Van Veldhoven | Netherlands Bach Society;1fUqz8NNmcA
Keohane on Bach Cantata BWV 151 | Netherlands Bach Society;MOv3pyRG2C8
Bach - Gloria in excelsis Deo BWV 191 - Van Veldhoven | Netherlands Bach Society;Zkx1vgl7RbU
Van Veldhoven on Bach Gloria in excelsis Deo BWV 191 | Netherlands Bach Society;teIxEi0M1yU
Bach - Cantata Darzu ist erschienen der Sohn Gottes BWV 40 - Rademann | Netherlands Bach Society;vLDTvI1RrgI
Rademann on Bach Cantata BWV 40 | Netherlands Bach Society;zP0tKNJI0PM
Bach - Motet Komm, Jesu, komm... BWV 229 - MacLeod | Netherlands Bach Society;boPBBgsnyiI
Van Veldhoven and MacLeod on Bach Motet BWV 229 | Netherlands Bach Society;Hhc23uL8I1w
Bach - Canonische Verńnderungen: Vom Himmel hoch BWV 769a - Winsemius | Netherlands Bach Society;fpvuTdlsc-U
Handl - Motet Ecce, quomodo moritur iustus - Van Veldhoven | Netherlands Bach Society;_sF-3DLPbbI
Winsemius on Bach Canonische Verńnderungen BWV 769a | Netherlands Bach Society;-YljOdLLLns
Bach - Viola da gamba sonata no. 2 in D major BWV 1028 - Van der Velden | Netherlands Bach Society;XVtkxtwWr5M
Van der Velden on Bach Sonata for viola da gamba in D major BWV 1028 | Netherlands Bach Society;5TgEPoKUQLw
Kerst met Bach | Nederlandse Bachvereniging;9_9y1VdYLqc
Bach - Sanctus in D major BWV 238 - Van Veldhoven | Netherlands Bach Society;YG1j-DnPe7w
Sato on Bach Sanctus in D major BWV 238 | Netherlands Bach Society;c7_iTtwubpA
Bach - WTC I Prelude and fugue no. 21 in B-flat major BWV 866 - Naessens | Netherlands Bach Society;NCD5vHrTLqA
Naessens on Bach WTC I Prelude and fugue in B-flat major BWV 866 | Netherlands Bach Society;tXuLAxuP5tg
Bach - Vom Himmel hoch da komm ich her BWV 700 - Te Lindert | Netherlands Bach Society;biXXT1YHC6M
Te Lindert on Bach Vom Himmel hoch da komm ich her BWV 700 | Netherlands Bach Society;Ekz0Xuw9Y1s
Bach - Orchestral Suite no. 2 in B minor BWV 1067 - Sato | Netherlands Bach Society;x8Rv9ppP6A8
Bach - Aria variata alla maniera italiana BWV 989 - Mortensen | Netherlands Bach Society;pMGgLWJWkHg
Mortensen on Bach Aria Variata BWV 989 | Netherlands Bach Society;Y-klxnLWq-8
Bach - Cantata Gott, man lobet dich in der Stille BWV 120 - Van Veldhoven | Netherlands Bach Society;wUVwYQCwYKc
Guillon on Bach Cantata BWV 120 | Netherlands Bach Society;HuvHKboW57E
Van Veldhoven on Bach Cantata BWV 120 | Netherlands Bach Society;ByoTV84LuUs
Vanryne on Bach Cantata BWV 120 | Netherlands Bach Society;1CqeF34t0mM
Bach - Little Fugue in G minor BWV 578 - Schouten | Netherlands Bach Society;vITIeoxcfdM
Schouten on Bach Fugue in G minor BWV 578 | Netherlands Bach Society;DKutYzGNEkM
Royal Lounge Amsterdam Central Station - Shunske Sato | Nederlandse Spoorwegen;VR4n-_FT43k
Bach - Cantata Gottes Zeit..., 'Actus Tragicus' BWV 106 - Van Veldhoven | Netherlands Bach Society;xXMUpqSyJJo
Van der Velden, Van Veldhoven and Ter Schegget on Bach Cantata BWV 106 | Netherlands Bach Society;-flQAzAXM8M
Bach - Bist du bei mir BWV 508 - Daniels | Netherlands Bach Society;i6dTpDTozmc
Daniels on NotenbŘchlein fŘr Anna Magdalena Bach | Netherlands Bach Society;qniWAwxkUb0
Cello Suites trailer | Netherlands Bach Society;-fT4Vo73wIo
Bach - WTC I Prelude and fugue no. 1 in C major BWV 846 - Henstra | Netherlands Bach Society;xCqWH9bKzQE
Bach - Cello Suite no. 6 in D major BWV 1012 - Malov | Netherlands Bach Society;wbH3JYfRjOQ
Malov on Bach Cello Suite no. 6 in D major BWV 1012 | Netherlands Bach Society;kYDoGfTqLJw
Malov on the violoncello da spalla BWV 1012 | Netherlands Bach Society;_26qvQQcteE
Bach - Cello Suite no. 5 in C minor BWV 1011 - Suzuki | Netherlands Bach Society;zEHXTrJb3HQ
Suzuki on Bach Cello Suite no. 5 in C minor BWV 1011 | Netherlands Bach Society;vJIX3aGJd-U
Suzuki on his cello BWV 1011 | Netherlands Bach Society;4tW62vmLGLc
Bach - Cello Suite no. 2 in D minor BWV 1008 - Pincombe | Netherlands Bach Society;_NvZRo-3wvU
Pincombe on Bach Cello Suite no. 2 in D minor BWV 1008 | Netherlands Bach Society;ibKlSzyV8Tk
Bach - Cello Suite no. 4 in E-flat major BWV 1010 - Cocset | Netherlands Bach Society;uCV_mqCTNtU
Cocset on the cello BWV 1010 | Netherlands Bach Society;adCnZ2t607Q
Cocset on Bach Cello Suite no. 4 in E-flat major BWV 1010 | Netherlands Bach Society;3D5UaCdS7J8
Bach - Aria mit 30 Verńnderungen 'Goldberg Variations' BWV 988 - Rondeau | Netherlands Bach Society;1AtOPiG5jyk
Bach - Cello Suite no. 3 in C major BWV 1009 - Wink | Netherlands Bach Society;tFtZ9tQiFxM
Wink on Bach Cello Suite no. 3 in C major BWV 1009 | Netherlands Bach Society;7IS7Xq_QeWA
Ogg on Bach WTC I Prelude and fugue no. 14 in F-sharp minor BWV 859 | Netherlands Bach Society;h1lf4AnCaEM
Bach - WTC I Prelude and fugue no. 14 in F-sharp minor BWV 859 - Ogg | Netherlands Bach Society;6RQdmnx3gl8
Shunske Sato on Camilla da Rossi's Il sacrifizio di Abramo | Netherlands Bach Society;QYEvt3P1ntU
Bach - Violin Partita no. 2 in D minor BWV 1004 - Sato | Netherlands Bach Society;pnK6R5ej6Hg
Bach - Cantata 'Bleib bei uns... BWV 6 - Van Veldhoven | Netherlands Bach Society;YOtAvqH_A9k
Van Veldhoven and Mead on Bach Cantata BWV 6 | Netherlands Bach Society;_Vzq2bJt1C0
Swarts on Bach Cello Suite no. 1 in G major (music) BWV 1007 | Netherlands Bach Society;y8cfC-O-bZA
Swarts on the cello BWV 1007 | Netherlands Bach Society;xH7CRAxGQdM
Bach - Cello Suite no. 1 in G major BWV 1007 - Swarts | Netherlands Bach Society;cGnZHIY_hoQ
Swarts on Bach Cello Suite no. 1 in G major (manuscript) BWV 1007 | Netherlands Bach Society;CbONHocuCYM
Sato and Egarr on Bach 'Brandenburg' Concerto no. 5 BWV 1050 | Netherlands Bach Society;rMKkrhVwZd0
Bach - 'Brandenburg' Concerto no. 5 in D major BWV 1050 - Sato | Netherlands Bach Society;LHjbRMIIhuM
Bach - Cantata VergnŘgte Ruh, beliebte Seelenlust BWV 170 - Van Veldhoven | Netherlands Bach Society;zQgOMClbGfc
Potter on Bach Cantata BWV 170 | Netherlands Bach Society;XGhuwY2g__o
Bach - Toccata and Fugue in D minor BWV 565 - Van Doeselaar | Netherlands Bach Society;Pi0IuyTS_ic
Shunske Sato on his artistic leadership | Netherlands Bach Society;642EygmZhLk
Ter Schegget and Sato on Bach 'Brandenburg' Concerto no. 4 BWV 1049 | Netherlands Bach Society;yKAPxpBlh3Q
Bach - 'Brandenburg' Concerto no. 4 in G major BWV 1049 - Sato | Netherlands Bach Society;oSZJ__GIbms
Bach - Cantata Wahrlich, wahrlich, ich sage euch BWV 86 - Sato | Netherlands Bach Society;O6-PDe9wPLg
Blaze and Sato on Bach Cantata BWV 86 | Netherlands Bach Society;NI6sun3kIVk
Sato on Bach Sinfonia in D major BWV 1045 | Netherlands Bach Society;_-pb6RWkND0
Bach - Sinfonia in D major BWV 1045 - Sato | Netherlands Bach Society;4P8I-4vOGwQ
Musicians on Bach Mass in B minor BWV 232 | Netherlands Bach Society;QU9596vrep8
Introduction All of Bach;arFoqBf2sho
Mead on Dido and Aeneas | Netherlands Bach Society;M5FKAdQB3_E
Brook on Dido and Aeneas | Netherlands Bach Society;dOIVOPnWSSE
Bach - St John Passion BWV 245 - Van Veldhoven | Netherlands Bach Society;zMf9XDQBAaI
Johannes-Passion teaser | Netherlands Bach Society;F638qOS-46A
Timelapse Matthńus-Passion | Netherlands Bach Society;n6MQUOsmB-4
Bach - Nun, ich weiss, du wirst mir stillen from Cantata BWV 105 | Netherlands Bach Society;t9Pz1bbGgnA
Vivaldi - Winter from The Four Seasons | Netherlands Bach Society;31tkGPvdMjs
Keohane on Jephte & Mirjams Siegesgesang (II) | Netherlands Bach Society;u1TKnLHlSvo
Keohane on Jephte & Mirjams Siegesgesang (I) | Netherlands Bach Society;V-I4bR8MG6o
Bach - Rehearsal Air from Orchestral Suite No. 3 in D major | Netherlands Bach Society;Tx-qmeAlH2w
Vivaldi - Autumn from The Four Seasons | Netherlands Bach Society;cRt7d5ZPU2E
Sato on Orkestsuites van Bach | Netherlands Bach Society;_7UqnfSUZb8
Vivaldi - Summer from The Four Seasons | Netherlands Bach Society;q8TFQFQeL0o
Nederlandse Bachvereniging - Seizoen 2017-2018;qyJVbgOOD0s
Hobbs on Bach Oster-Oratorium | Netherlands Bach Society;MD0IROUGtaE
Vivaldi - Spring from The Four Seasons | Netherlands Bach Society;0FP9N2SbWn4
Bach - St John Passion BWV 245 - General rehearsal | Netherlands Bach Society;5w9bZOkEZgE
Bach - St John Passion BWV 245 - The Masterclasses | Netherlands Bach Society;mHt-bJ3acLY
Bach - St John Passion BWV 245 - The Auditions | Netherlands Bach Society;64h8n4FOSlk
Potter on Feestcantates van Bach | Netherlands Bach Society;7llxGu1xiG4
Hobbs on Bach Mass in B minor | Netherlands Bach Society;SmD1OLXOvQY
Bach - Invention No. 15 in B minor BWV 786 - Domonkos Hegyi | Netherlands Bach Society;WNK-ohdiCvE
Bach - Invention No. 14 in B flat major BWV 785 - Frank Monster | Netherlands Bach Society;7YESARlUE9I
Bach - Invention No. 13 in A minor BWV 784 - Anna Kuvshinov | Netherlands Bach Society;ttwo-QYqDNo
Bach - Invention No. 12 in A major BWV 783 - Peiting Xue | Netherlands Bach Society;TtKGRaR8ZFQ
Bach - Invention No. 11 in G minor BWV 782 - Johannes Asfaw | Netherlands Bach Society;CgbFvJmrJ88
Bach - Invention No. 10 in G major BWV 781 - Peiting Xue | Netherlands Bach Society;G2_8rzx8qGM
Bach - Invention No. 9 in F minor BWV 780 - Anna Kuvshinov | Netherlands Bach Society;G3cYslptrQE
Bach - Invention No. 8 in F major BWV 779 - Frank Monster | Netherlands Bach Society;whbFffxr2q4
Bach - Invention No. 7 in E minor BWV 778 - Peiting Xue | Netherlands Bach Society;S96z31_hP0U
Bach - Invention No. 6 in E major BWV 777 - Johannes Asfaw | Netherlands Bach Society;_IwnBgR-DUY
Bach - Invention No. 5 in E flat major BWV 776 - Evander Eijsink | Netherlands Bach Society;rMxnlAe030I
Bach - Invention No. 4 in D minor BWV 775 - Kanji Daito | Netherlands Bach Society;vg4ytXm1Tbc
Bach - Invention No. 3 in D major BWV 774 - David Zielman | Netherlands Bach Society;noHOG44IB_M
Bach - Invention No. 2 in C minor BWV 773 - Kanji Daito | Netherlands Bach Society;YrJ2KPqWx3U
Bach - Invention No. 1 in C major BWV 772 - Anna Kuvshinov | Netherlands Bach Society;eVkNc3LSgOo
Nederlandse Bachvereniging - Seizoen 2016-2017;WYoOTTGdSL8
Bach's Inventions - What is a harpsichord? (EN);KOZlAa4Kn5k
Bach's Inventions - What are Bach's Inventions? (EN);GMnDl2I5F0k
Bach's Inventions - What is allofbach.com? (EN);yiHtol0Y0g4
Bach Inventions trailer | Netherlands Bach Society;V3CSocK-zro
100th release @ allofbach.com!;Z77t23T9064
Bach - Suscepit Israel from Magnificat BWV 243 | Netherlands Bach Society;XSSUZrYEgDM
Bach - Et misericordia from Magnificat BWV 243 | Netherlands Bach Society;We8YYyp8LLo
Bach - Sehet, Jesus hat die Hand from St Matthew Passion BWV 244 | Netherlands Bach Society;3y6aLKD06_k
Bach - Mein Jesus ist erstanden from Cantata BWV 67 | Netherlands Bach Society;BqskdRnp65Y
Bach - Ich will, mein Gott & Christi Glieder from Cantata BWV 132 | Netherlands Bach Society;brpCJegYFMg
Bach - Ihr Herzen & Sei bemŘht from Cantata BWV 185 | Netherlands Bach Society;hT5XM0oH3wY
Bach - Qui tollis from Mass in G minor BWV 235 | Netherlands Bach Society;HwidHr0z_yU
Bach - Deposuit from Magnificat BWV 243 | Netherlands Bach Society;spMl7mjKN4g
Bach - Buss und Reu from St Matthew Passion BWV 244 | Netherlands Bach Society;Q3P7ysPoC2U
Bach - Ach! nun ist mein Jesus hin! from St Matthew Passion BWV 244 | Netherlands Bach Society;onsEnxUlXSo
Bach - Erbarme dich, mein Gott from St Matthew Passion BWV 244 | Netherlands Bach Society;Zry9dpM1_n4
Bach - Domine Fili from Mass in G minor BWV 235 | Netherlands Bach Society;8xB2GkSOX4g
Bach - Weh der Seele from Cantata BWV 102 | Netherlands Bach Society;-g0vwgOku5Y
Bach - Beim Warten ist Gefahr from Cantata BWV 102 | Netherlands Bach Society;xg4zwVZsiNI
Bach - K÷nnen Trńnen meiner Wangen from St Matthew Passion BWV 244 | Netherlands Bach Society;9Vf8MWp5Xg8
Nederlandse Bachvereniging - seizoen 2015-2016;ssalepGvCPA
Bach - Kommt, ihr T÷chter from St Matthew Passion BWV 244 (2013) | Netherlands Bach Society;uJSd7AGHQ7g
